matchId,playedAt,mode,durationSeconds,blueKills,redKills,winningSide,side,summoner,hero,position,rating,kills,deaths,assists,damageDealt,damageTaken,gold,teamfightRate,isMvp,medal,item1,item2,item3,item4,item5,item6,notes
M202605282127,2026-05-28 21:27,5v5排位,1183,26,28,blue,blue,鸽,亚瑟,打野,9.5,5,5,11,116300,146900,12868,61,false,,,,,,,,视觉复核修正
M202605282127,2026-05-28 21:27,5v5排位,1183,26,28,blue,blue,净漾银笑幻,项羽,对抗路,9.9,7,5,9,80200,103600,13213,61,false,,,,,,,,视觉复核修正
M202605282127,2026-05-28 21:27,5v5排位,1183,26,28,blue,blue,异想天开的球,嬴政,中路,12.1,9,2,10,182100,76400,14376,73,true,,,,,,,,视觉复核修正
M202605282127,2026-05-28 21:27,5v5排位,1183,26,28,blue,blue,吧唧小喵,后羿,发育路,7.1,3,8,11,108800,85900,10893,53,false,,,,,,,,视觉复核修正
M202605282127,2026-05-28 21:27,5v5排位,1183,26,28,blue,blue,迪路兽oo,牛魔,游走,7.5,2,8,14,49200,172900,10611,61,false,,,,,,,,视觉复核修正
M202605282150,2026-05-28 21:50,5v5排位,820,15,16,red,red,鸽,亚瑟,打野,9.4,5,3,6,69500,83800,9557,68,false,,,,,,,,视觉复核修正
M202605282150,2026-05-28 21:50,5v5排位,820,15,16,red,red,吧唧小喵,芈月,对抗路,6.5,1,3,5,63900,50900,9172,37,false,,,,,,,,视觉复核修正
M202605282150,2026-05-28 21:50,5v5排位,820,15,16,red,red,异想天开的球,扁鹊,中路,7.4,2,3,10,54400,83600,8475,75,false,,,,,,,,视觉复核修正
M202605282150,2026-05-28 21:50,5v5排位,820,15,16,red,red,净漾银笑幻,虞姬,发育路,11.7,8,4,4,131900,66100,9765,75,true,,,,,,,,视觉复核修正
M202605282150,2026-05-28 21:50,5v5排位,820,15,16,red,red,迪路兽oo,张飞,游走,8.6,0,2,13,15300,94500,7733,81,false,,,,,,,,视觉复核修正
M202605282209,2026-05-28 22:09,5v5排位,676,1,23,red,blue,鸽,敖隐,发育路,6.3,0,3,0,81000,60000,6555,0,false,,,,,,,,视觉复核修正
M202605282209,2026-05-28 22:09,5v5排位,676,1,23,red,blue,迪路兽oo,夏侯惇,对抗路,4.8,1,6,0,30600,84900,5203,100,false,,,,,,,,视觉复核修正
M202605282209,2026-05-28 22:09,5v5排位,676,1,23,red,blue,异想天开的球,小乔,中路,4.3,0,3,0,56400,37500,5414,0,false,,,,,,,,视觉复核修正
M202605282209,2026-05-28 22:09,5v5排位,676,1,23,red,blue,萧瑟仙贝打我,盘古,打野,3.3,0,6,1,29500,47800,6008,100,false,,,,,,,,视觉复核修正
M202605282209,2026-05-28 22:09,5v5排位,676,1,23,red,blue,吧唧小喵,蔡文姬,游走,3.1,0,5,0,15900,66700,4737,0,false,,,,,,,,视觉复核修正
M202605282223,2026-05-28 22:23,5v5排位,1104,25,26,red,blue,鸽,诸葛亮,打野,6.9,5,7,9,114100,96300,10940,56,false,,,,,,,,视觉复核修正
M202605282223,2026-05-28 22:23,5v5排位,1104,25,26,red,blue,萧瑟仙贝打我,吕布,对抗路,7.8,4,8,5,103900,85200,11223,36,false,,,,,,,,视觉复核修正
M202605282223,2026-05-28 22:23,5v5排位,1104,25,26,red,blue,吧唧小喵,貂蝉,中路,9.2,7,5,6,130000,103600,12281,52,false,,,,,,,,视觉复核修正
M202605282223,2026-05-28 22:23,5v5排位,1104,25,26,red,blue,异想天开的球,艾琳,发育路,10.1,7,3,7,128600,73500,15015,56,true,,,,,,,,视觉复核修正
M202605282223,2026-05-28 22:23,5v5排位,1104,25,26,red,blue,迪路兽oo,朵莉亚,游走,8.5,2,4,15,26400,131900,9548,68,false,,,,,,,,视觉复核修正
M202605300002,2026-05-30 00:02,5v5排位,526,20,3,blue,blue,鸽,敖隐,发育路,14.2,11,1,5,90800,24700,7238,80,true,,,,,,,,视觉复核修正
M202605300002,2026-05-30 00:02,5v5排位,526,20,3,blue,blue,萧瑟仙贝打我,曹操,对抗路,7.4,1,1,3,43000,33000,6748,20,false,,,,,,,,视觉复核修正
M202605300002,2026-05-30 00:02,5v5排位,526,20,3,blue,blue,异想天开的球,扁鹊,中路,11.4,3,0,14,41900,24800,6736,85,false,,,,,,,,视觉复核修正
M202605300002,2026-05-30 00:02,5v5排位,526,20,3,blue,blue,月亮西沉朝阳,阿轲,打野,7.7,4,1,2,35500,23600,7160,30,false,,,,,,,,视觉复核修正
M202605300002,2026-05-30 00:02,5v5排位,526,20,3,blue,blue,珍珠罐罐,张飞,游走,12.7,1,0,16,17200,47700,4931,85,false,,,,,,,,视觉复核修正
M202605300015,2026-05-30 00:15,5v5排位,847,31,12,blue,red,鸽,狄仁杰,发育路,5.1,2,8,4,54200,60200,7811,50,false,,,,,,,,视觉复核修正
M202605300015,2026-05-30 00:15,5v5排位,847,31,12,blue,red,迪路兽oo,廉颇,对抗路,5.8,3,6,4,41000,77200,7523,58,false,,,,,,,,视觉复核修正
M202605300015,2026-05-30 00:15,5v5排位,847,31,12,blue,red,珍珠罐罐,王昭君,中路,4.0,1,5,2,49600,47600,7704,25,false,,,,,,,,视觉复核修正
M202605300015,2026-05-30 00:15,5v5排位,847,31,12,blue,red,月亮西沉朝阳,曹操,打野,9.3,5,5,5,86500,69400,11052,83,true,,,,,,,,视觉复核修正
M202605300015,2026-05-30 00:15,5v5排位,847,31,12,blue,red,异想天开的球,孙膑,游走,4.7,1,7,6,33500,70200,7310,58,false,,,,,,,,视觉复核修正
M202605300032,2026-05-30 00:32,5v5排位,600,24,8,blue,blue,鸽,铠,打野,11.0,9,1,4,41900,31800,7181,54,false,,,,,,,,视觉复核修正
M202605300032,2026-05-30 00:32,5v5排位,600,24,8,blue,blue,萧瑟仙贝打我,孙策,对抗路,12.4,6,0,5,50000,25400,7705,45,true,,,,,,,,视觉复核修正
M202605300032,2026-05-30 00:32,5v5排位,600,24,8,blue,blue,月亮西沉朝阳,不知火舞,中路,9.2,5,3,5,49400,36000,6824,41,false,,,,,,,,视觉复核修正
M202605300032,2026-05-30 00:32,5v5排位,600,24,8,blue,blue,异想天开的球,后羿,发育路,8.8,3,2,9,41300,39800,6726,50,false,,,,,,,,视觉复核修正
M202605300032,2026-05-30 00:32,5v5排位,600,24,8,blue,blue,迪路兽oo,朵莉亚,游走,6.4,1,2,8,14000,56700,5188,37,false,,,,,,,,视觉复核修正
M202605300047,2026-05-30 00:47,5v5排位,1305,30,33,red,red,鸽,司空震,对抗路,8.2,5,5,9,137900,151100,15934,42,false,,,,,,,,视觉复核修正
M202605300047,2026-05-30 00:47,5v5排位,1305,30,33,red,red,异想天开的球,甄姬,中路,10.6,6,4,12,187100,82900,14557,54,false,,,,,,,,视觉复核修正
M202605300047,2026-05-30 00:47,5v5排位,1305,30,33,red,red,萧瑟仙贝打我,马可波罗,发育路,6.2,5,7,6,94900,91500,15147,33,false,,,,,,,,视觉复核修正
M202605300047,2026-05-30 00:47,5v5排位,1305,30,33,red,red,月亮西沉朝阳,娜可露露,打野,11.6,16,7,4,135300,81200,17443,60,true,,,,,,,,视觉复核修正
M202605300047,2026-05-30 00:47,5v5排位,1305,30,33,red,red,珍珠罐罐,廉颇,游走,4.6,1,7,14,44700,131100,11222,45,false,,,,,,,,视觉复核修正
M202605302041,2026-05-30 20:41,5v5排位,851,24,31,red,red,鸽,女娲,中路,8.7,3,3,14,84300,30000,10077,54,false,,,,,,,,视觉复核修正
M202605302041,2026-05-30 20:41,5v5排位,851,24,31,red,red,迪路兽oo,廉颇,对抗路,9.5,8,8,10,86000,103200,9377,58,false,,,,,,,,视觉复核修正
M202605302041,2026-05-30 20:41,5v5排位,851,24,31,red,red,异想天开的球,孙尚香,发育路,12.7,11,6,10,130700,72100,11247,67,true,,,,,,,,视觉复核修正
M202605302041,2026-05-30 20:41,5v5排位,851,24,31,red,red,萧瑟仙贝打我,芈月,打野,11.4,8,2,8,97600,83200,12155,51,false,,,,,,,,视觉复核修正
M202605302041,2026-05-30 20:41,5v5排位,851,24,31,red,red,珍珠罐罐,明世隐,游走,8.6,1,5,18,28200,77400,8061,61,false,,,,,,,,视觉复核修正
M202605302100,2026-05-30 21:00,5v5排位,623,14,24,red,red,鸽,典韦,打野,11.1,10,2,5,58700,42100,8089,62,false,,,,,,,,视觉复核修正
M202605302100,2026-05-30 21:00,5v5排位,623,14,24,red,red,萧瑟仙贝打我,关羽,对抗路,11.4,7,1,7,59200,23600,8085,58,false,,,,,,,,视觉复核修正
M202605302100,2026-05-30 21:00,5v5排位,623,14,24,red,red,异想天开的球,小乔,中路,11.8,2,2,14,91900,37700,7216,66,true,,,,,,,,视觉复核修正
M202605302100,2026-05-30 21:00,5v5排位,623,14,24,red,red,月亮西沉朝阳,黄忠,发育路,7.9,5,4,9,50800,38300,6199,58,false,,,,,,,,视觉复核修正
M202605302100,2026-05-30 21:00,5v5排位,623,14,24,red,red,迪路兽oo,朵莉亚,游走,6.4,0,5,13,15500,63700,5667,54,false,,,,,,,,视觉复核修正
M202605302248,2026-05-30 22:48,5v5排位,981,27,19,blue,blue,鸽,明世隐,游走,13.0,2,4,25,45300,113400,9200,100,false,,,,,,,,截图复核修正
M202605302248,2026-05-30 22:48,5v5排位,981,27,19,blue,blue,净漾银笑幻,刘邦,对抗路,10.0,4,5,18,67300,110100,9500,81,false,,,,,,,,截图复核修正
M202605302248,2026-05-30 22:48,5v5排位,981,27,19,blue,blue,异想天开的球,后羿,发育路,14.5,14,4,12,165000,85700,13900,96,true,,,,,,,,截图复核修正
M202605302248,2026-05-30 22:48,5v5排位,981,27,19,blue,blue,月亮西沉朝阳,孙策,打野,9.0,6,4,14,70400,88700,11500,74,false,,,,,,,,截图复核修正
M202605302248,2026-05-30 22:48,5v5排位,981,27,19,blue,blue,迪路兽oo,庄周,中路,10.2,1,2,22,50100,109900,9300,85,false,,,,,,,,截图复核修正
M202605302307,2026-05-30 23:07,5v5排位,930,10,21,red,red,鸽,后羿,发育路,14.5,7,0,12,197200,83600,13662,90,true,,,,,,,,视觉复核修正
M202605302307,2026-05-30 23:07,5v5排位,930,10,21,red,red,净漾银笑幻,刘邦,对抗路,6.9,2,2,13,31200,69400,8713,71,false,,,,,,,,视觉复核修正
M202605302307,2026-05-30 23:07,5v5排位,930,10,21,red,red,迪路兽oo,庄周,中路,10.3,5,2,14,44300,99500,8644,90,false,,,,,,,,视觉复核修正
M202605302307,2026-05-30 23:07,5v5排位,930,10,21,red,red,月亮西沉朝阳,孙策,打野,9.2,5,5,12,72200,94200,10320,80,false,,,,,,,,视觉复核修正
M202605302307,2026-05-30 23:07,5v5排位,930,10,21,red,red,异想天开的球,明世隐,游走,9.2,2,1,17,10100,40000,8452,90,false,,,,,,,,视觉复核修正
M202605302326,2026-05-30 23:26,5v5排位,813,27,8,blue,red,鸽,亚瑟,打野,5.0,1,5,2,34000,106300,7562,37,false,,,,,,,,视觉复核修正
M202605302326,2026-05-30 23:26,5v5排位,813,27,8,blue,red,月亮西沉朝阳,夏洛特,对抗路,7.3,3,7,0,58700,90700,8944,37,true,,,,,,,,视觉复核修正
M202605302326,2026-05-30 23:26,5v5排位,813,27,8,blue,red,异想天开的球,王昭君,中路,6.2,2,6,3,58600,66700,6449,62,false,,,,,,,,视觉复核修正
M202605302326,2026-05-30 23:26,5v5排位,813,27,8,blue,red,萧瑟仙贝打我,虞姬,发育路,5.1,2,3,2,48200,54100,8652,50,false,,,,,,,,视觉复核修正
M202605302326,2026-05-30 23:26,5v5排位,813,27,8,blue,red,迪路兽oo,朵莉亚,游走,5.9,0,6,7,22500,99900,6549,87,false,,,,,,,,视觉复核修正
M202605311451,2026-05-31 14:51,5v5排位,490,11,17,red,red,鸽,明世隐,游走,10.6,1,3,14,14900,45900,4300,88,false,,,,,,,,截图复核修正
M202605311451,2026-05-31 14:51,5v5排位,490,11,17,red,red,净漾银笑幻,刘邦,对抗路,5.5,0,2,10,9700,24900,4900,58,false,,,,,,,,截图复核修正
M202605311451,2026-05-31 14:51,5v5排位,490,11,17,red,red,迪路兽oo,庄周,中路,6.6,0,3,13,10400,34900,4000,76,false,,,,,,,,截图复核修正
M202605311451,2026-05-31 14:51,5v5排位,490,11,17,red,red,萧瑟仙贝打我,后羿,发育路,15.3,14,0,3,116400,45300,9600,100,true,,,,,,,,截图复核修正
M202605311451,2026-05-31 14:51,5v5排位,490,11,17,red,red,月亮西沉朝阳,孙策,打野,7.1,2,3,10,22900,19600,5200,70,false,,,,,,,,截图复核修正
M202605311502,2026-05-31 15:02,5v5排位,669,29,15,blue,red,鸽,明世隐,游走,11.9,2,4,13,23900,83800,5500,100,false,,,,,,,,截图复核修正
M202605311502,2026-05-31 15:02,5v5排位,669,29,15,blue,red,迪路兽oo,庄周,中路,8.2,1,8,12,32900,89000,5400,86,false,,,,,,,,截图复核修正
M202605311502,2026-05-31 15:02,5v5排位,669,29,15,blue,red,萧瑟仙贝打我,后羿,发育路,11.9,6,6,8,130800,80100,8700,93,true,,,,,,,,截图复核修正
M202605311502,2026-05-31 15:02,5v5排位,669,29,15,blue,red,净漾银笑幻,项羽,对抗路,6.1,3,5,6,46200,58000,6500,60,false,,,,,,,,截图复核修正
M202605311502,2026-05-31 15:02,5v5排位,669,29,15,blue,red,月亮西沉朝阳,孙策,打野,6.7,3,6,7,36800,66800,6900,66,false,,,,,,,,截图复核修正
M202605311516,2026-05-31 15:16,5v5排位,620,12,15,red,red,鸽,明世隐,游走,13.0,5,1,10,26200,59800,6024,100,false,金牌游走,,,,,,,人工复核截图
M202605311516,2026-05-31 15:16,5v5排位,620,12,15,red,red,迪路兽oo,庄周,中路,6.2,2,3,8,20900,52800,5483,66,false,,,,,,,,人工复核截图
M202605311516,2026-05-31 15:16,5v5排位,620,12,15,red,red,萧瑟仙贝打我,鲁班七号,发育路,13.0,7,3,8,95900,48000,8949,100,true,金牌中路,,,,,,,人工复核截图
M202605311516,2026-05-31 15:16,5v5排位,620,12,15,red,red,净漾银笑幻,刘邦,对抗路,6.6,1,3,9,23200,51300,6166,66,false,,,,,,,,人工复核截图
M202605311516,2026-05-31 15:16,5v5排位,620,12,15,red,red,月亮西沉朝阳,孙策,打野,5.6,0,2,10,26100,51000,6472,66,false,,,,,,,,人工复核截图
M202605311530,2026-05-31 15:30,5v5排位,600,8,20,red,red,鸽,明世隐,游走,10.9,1,1,17,10100,40300,5614,90,false,银牌游走,,,,,,,人工复核截图
M202605311530,2026-05-31 15:30,5v5排位,600,8,20,red,red,迪路兽oo,庄周,中路,6.3,0,1,13,16400,29100,5235,65,false,,,,,,,,人工复核截图
M202605311530,2026-05-31 15:30,5v5排位,600,8,20,red,red,萧瑟仙贝打我,后羿,发育路,15.1,14,1,5,123500,48900,10535,95,true,金牌中路,,,,,,,人工复核截图
M202605311530,2026-05-31 15:30,5v5排位,600,8,20,red,red,净漾银笑幻,刘邦,对抗路,8.4,2,2,11,28100,44300,6367,65,false,,,,,,,,人工复核截图
M202605311530,2026-05-31 15:30,5v5排位,600,8,20,red,red,月亮西沉朝阳,孙策,打野,7.9,3,3,9,30000,50600,5501,60,false,,,,,,,,人工复核截图
M202605311601,2026-05-31 16:01,5v5排位,1065,20,28,red,blue,鸽,元流之子,对抗路,8.7,5,7,7,100600,177500,9674,60,false,,,,,,,,人工复核截图
M202605311601,2026-05-31 16:01,5v5排位,1065,20,28,red,blue,萧瑟仙贝打我,刘邦,打野,8.2,5,6,7,74500,147800,9400,60,false,,,,,,,,人工复核截图
M202605311601,2026-05-31 16:01,5v5排位,1065,20,28,red,blue,月亮西沉朝阳,干将莫邪,中路,9.5,4,4,9,178700,51200,12244,65,true,,,,,,,,人工复核截图
M202605311601,2026-05-31 16:01,5v5排位,1065,20,28,red,blue,异想天开的球,伽罗,发育路,9.2,6,5,9,103200,64800,12440,75,false,,,,,,,,人工复核截图
M202605311601,2026-05-31 16:01,5v5排位,1065,20,28,red,blue,净漾银笑幻,牛魔,游走,6.5,0,6,13,31600,119600,9259,65,false,,,,,,,,人工复核截图
M202606012226,2026-06-01 22:26,5v5排位,1041,20,13,blue,red,鸽,敖隐,发育路,6.2,1,5,3,65200,71000,10700,30,false,,,,,,,,截图复核修正
M202606012226,2026-06-01 22:26,5v5排位,1041,20,13,blue,red,净漾银笑幻,夏侯惇,对抗路,4.6,2,4,0,33600,109600,9600,15,false,,,,,,,,截图复核修正
M202606012226,2026-06-01 22:26,5v5排位,1041,20,13,blue,red,异想天开的球,小乔,中路,11.6,5,2,3,113900,80500,11300,61,true,,,,,,,,截图复核修正
M202606012226,2026-06-01 22:26,5v5排位,1041,20,13,blue,red,萧瑟仙贝打我,亚瑟,打野,8.1,5,6,3,70600,117600,10900,61,false,,,,,,,,截图复核修正
M202606012226,2026-06-01 22:26,5v5排位,1041,20,13,blue,red,迪路兽oo,牛魔,游走,6.9,0,3,8,22400,134500,8200,61,false,,,,,,,,截图复核修正
M202606042136,2026-06-04 21:36,5v5排位,732,30,9,blue,blue,鸽,影,打野,12.7,10,1,7,108400,67400,10737,56,false,金牌打野,,,,,,,人工复核截图
M202606042136,2026-06-04 21:36,5v5排位,732,30,9,blue,blue,萧瑟仙贝打我,东皇太一,对抗路,15.3,8,2,8,113500,108100,9135,53,true,顶级对抗路,,,,,,,人工复核截图
M202606042136,2026-06-04 21:36,5v5排位,732,30,9,blue,blue,月亮西沉朝阳,妲己,中路,9.8,7,3,6,75100,35700,7529,43,false,铜牌中路,,,,,,,人工复核截图
M202606042136,2026-06-04 21:36,5v5排位,732,30,9,blue,blue,异想天开的球,后羿,发育路,8.2,3,2,6,55100,30400,8902,30,false,,,,,,,,人工复核截图
M202606042136,2026-06-04 21:36,5v5排位,732,30,9,blue,blue,净漾银笑幻,牛魔,游走,6.2,2,2,9,32400,46000,6738,36,false,,,,,,,,人工复核截图
M202606042152,2026-06-04 21:52,5v5排位,1098,26,18,blue,blue,鸽,哪吒,打野,7.0,4,3,12,101500,94100,11694,61,false,,,,,,,,人工复核截图
M202606042152,2026-06-04 21:52,5v5排位,1098,26,18,blue,blue,净漾银笑幻,项羽,对抗路,5.1,0,4,4,46000,71900,9796,15,false,,,,,,,,人工复核截图
M202606042152,2026-06-04 21:52,5v5排位,1098,26,18,blue,blue,月亮西沉朝阳,干将莫邪,中路,13.2,9,1,11,184000,40200,14462,76,true,金牌中路,,,,,,,人工复核截图
M202606042152,2026-06-04 21:52,5v5排位,1098,26,18,blue,blue,萧瑟仙贝打我,后羿,发育路,9.7,8,6,10,108600,69300,15180,69,false,铜牌发育路,,,,,,,人工复核截图
M202606042152,2026-06-04 21:52,5v5排位,1098,26,18,blue,blue,异想天开的球,孙膑,游走,7.9,5,4,15,53000,75100,10027,76,false,,,,,,,,人工复核截图
M202606042213,2026-06-04 22:13,5v5排位,768,25,17,blue,blue,鸽,诸葛亮,打野,12.3,13,3,5,106500,60200,10904,72,true,银牌打野,,,,,,,人工复核截图
M202606042213,2026-06-04 22:13,5v5排位,768,25,17,blue,blue,净漾银笑幻,亚瑟,对抗路,8.2,3,3,7,49700,49900,8348,40,false,,,,,,,,人工复核截图
M202606042213,2026-06-04 22:13,5v5排位,768,25,17,blue,blue,月亮西沉朝阳,金蝉,中路,9.3,3,3,13,75500,39800,9132,64,false,,,,,,,,人工复核截图
M202606042213,2026-06-04 22:13,5v5排位,768,25,17,blue,blue,萧瑟仙贝打我,蚩姹,发育路,6.9,4,5,3,49400,64600,8735,28,false,,,,,,,,人工复核截图
M202606042213,2026-06-04 22:13,5v5排位,768,25,17,blue,blue,异想天开的球,蔡文姬,游走,7.8,2,3,15,19600,64600,7722,68,false,,,,,,,,人工复核截图
M202606042229,2026-06-04 22:29,5v5排位,1298,42,44,red,red,鸽,曹操,对抗路,7.9,8,13,12,125400,193300,12133,45,false,,,,,,,,人工复核截图
M202606042229,2026-06-04 22:29,5v5排位,1298,42,44,red,red,萧瑟仙贝打我,兰陵王,打野,9.5,12,12,7,141100,114300,11634,43,false,,,,,,,,人工复核截图
M202606042229,2026-06-04 22:29,5v5排位,1298,42,44,red,red,异想天开的球,小乔,中路,8.9,9,5,11,132700,68700,14472,45,false,,,,,,,,人工复核截图
M202606042229,2026-06-04 22:29,5v5排位,1298,42,44,red,red,月亮西沉朝阳,虞姬,发育路,10.0,12,5,12,141000,94400,16594,54,true,铜牌发育路,,,,,,,人工复核截图
M202606042229,2026-06-04 22:29,5v5排位,1298,42,44,red,red,珍珠罐罐,王昭君,游走,7.3,3,7,21,89000,108200,11633,54,false,,,,,,,,人工复核截图
M202606072224,2026-06-07 22:24,5v5排位,684,11,14,red,red,鸽,影,打野,8.2,4,2,5,73400,59700,8599,64,false,,,,,,,,人工复核截图
M202606072224,2026-06-07 22:24,5v5排位,684,11,14,red,red,萧瑟仙贝打我,东皇太一,对抗路,6.2,2,7,1,65100,86500,6858,21,false,,,,,,,,人工复核截图
M202606072224,2026-06-07 22:24,5v5排位,684,11,14,red,red,月亮西沉朝阳,嬴政,中路,11.8,4,0,7,69100,33900,8485,78,true,银牌中路,,,,,,,人工复核截图
M202606072224,2026-06-07 22:24,5v5排位,684,11,14,red,red,净漾银笑幻,狄仁杰,发育路,9.5,4,1,4,75300,27000,8452,57,false,,,,,,,,人工复核截图
M202606072224,2026-06-07 22:24,5v5排位,684,11,14,red,red,异想天开的球,蔡文姬,游走,10.1,0,1,14,23800,53200,6444,100,false,银牌游走,,,,,,,人工复核截图
M202606072239,2026-06-07 22:39,5v5排位,1421,24,38,red,blue,鸽,元流之子,打野,6.9,5,8,5,102300,188800,13301,41,false,,,,,,,,人工复核截图
M202606072239,2026-06-07 22:39,5v5排位,1421,24,38,red,blue,净漾银笑幻,亚瑟,对抗路,6.2,5,8,5,79300,128400,13271,41,false,,,,,,,,人工复核截图
M202606072239,2026-06-07 22:39,5v5排位,1421,24,38,red,blue,月亮西沉朝阳,妲己,中路,8.2,6,8,6,174100,104400,14464,50,true,,,,,,,,人工复核截图
M202606072239,2026-06-07 22:39,5v5排位,1421,24,38,red,blue,萧瑟仙贝打我,敖隐,发育路,7.4,6,6,6,104800,92300,16922,50,false,,,,,,,,人工复核截图
M202606072239,2026-06-07 22:39,5v5排位,1421,24,38,red,blue,异想天开的球,桑启,游走,6.1,2,8,13,54700,174900,12435,62,false,,,,,,,,人工复核截图
M202606092146,2026-06-09 21:46,5v5排位,731,11,25,red,red,鸽,庄周,中路,9.8,0,1,18,37200,78000,7289,72,false,铜牌发育路,,,,,,,人工复核截图
M202606092146,2026-06-09 21:46,5v5排位,731,11,25,red,red,净漾银笑幻,刘邦,对抗路,11.7,4,0,15,34300,51100,9241,76,false,金牌对抗路,,,,,,,人工复核截图
M202606092146,2026-06-09 21:46,5v5排位,731,11,25,red,red,萧瑟仙贝打我,后羿,发育路,15.4,16,3,6,167100,94200,12386,88,true,顶级中路,,,,,,,人工复核截图
M202606092146,2026-06-09 21:46,5v5排位,731,11,25,red,red,月亮西沉朝阳,孙策,打野,6.6,3,6,10,41900,56100,7458,52,false,,,,,,,,人工复核截图
M202606092146,2026-06-09 21:46,5v5排位,731,11,25,red,red,异想天开的球,明世隐,游走,12.4,2,1,22,17100,55400,7280,96,false,金牌游走,,,,,,,人工复核截图
M202606092231,2026-06-09 22:31,5v5排位,1813,32,30,blue,red,净漾银笑幻,狄仁杰,发育路,8.3,5,5,11,270400,162600,20103,53,false,,,,,,,,人工复核截图
M202606092231,2026-06-09 22:31,5v5排位,1813,32,30,blue,red,萧瑟仙贝打我,廉颇,打野,8.8,5,5,10,196300,280100,18920,50,false,,,,,,,,人工复核截图
M202606092231,2026-06-09 22:31,5v5排位,1813,32,30,blue,red,异想天开的球,嬴政,中路,12.6,11,6,13,341700,125900,20861,80,true,金牌中路,,,,,,,人工复核截图
M202606092231,2026-06-09 22:31,5v5排位,1813,32,30,blue,red,月亮西沉朝阳,夏侯惇,对抗路,8.8,7,8,8,205900,342800,17363,50,false,,,,,,,,人工复核截图
M202606092231,2026-06-09 22:31,5v5排位,1813,32,30,blue,red,鸽,张良,游走,8.4,2,8,18,225400,184800,16013,66,false,,,,,,,,人工复核截图
M202606112142,2026-06-11 21:42,5v5排位,786,15,19,red,blue,鸽,影,打野,9.1,5,3,4,94200,100500,9379,60,false,,,,,,,,人工复核截图
M202606112142,2026-06-11 21:42,5v5排位,786,15,19,red,blue,月亮西沉朝阳,程咬金,对抗路,6.0,1,5,3,47800,120500,7609,26,false,,,,,,,,人工复核截图
M202606112142,2026-06-11 21:42,5v5排位,786,15,19,red,blue,异想天开的球,小乔,中路,13.0,5,3,8,94400,50200,10045,86,true,金牌中路,,,,,,,人工复核截图
M202606112142,2026-06-11 21:42,5v5排位,786,15,19,red,blue,萧瑟仙贝打我,马可波罗,发育路,6.1,4,5,3,44400,45700,8468,46,false,,,,,,,,人工复核截图
M202606112142,2026-06-11 21:42,5v5排位,786,15,19,red,blue,迪路兽oo,朵莉亚,游走,6.6,0,4,8,20300,97600,6757,53,false,,,,,,,,人工复核截图
M202606112158,2026-06-11 21:58,5v5排位,858,16,28,red,blue,鸽,诸葛亮,打野,8.4,4,6,6,119200,62100,8862,62,true,,,,,,,,人工复核截图
M202606112158,2026-06-11 21:58,5v5排位,858,16,28,red,blue,萧瑟仙贝打我,甄姬,中路,7.5,4,8,1,109400,111400,7730,31,false,,,,,,,,人工复核截图
M202606112158,2026-06-11 21:58,5v5排位,858,16,28,red,blue,月亮西沉朝阳,干将莫邪,对抗路,4.1,1,8,4,59600,54300,8086,31,false,,,,,,,,人工复核截图
M202606112158,2026-06-11 21:58,5v5排位,858,16,28,red,blue,异想天开的球,虞姬,发育路,7.4,3,2,5,67400,35700,9312,50,false,,,,,,,,人工复核截图
M202606112158,2026-06-11 21:58,5v5排位,858,16,28,red,blue,迪路兽oo,牛魔,游走,5.8,4,4,5,19500,80900,7574,56,false,,,,,,,,人工复核截图
M202606112216,2026-06-11 22:16,5v5排位,959,26,14,blue,blue,鸽,亚瑟,打野,12.6,11,1,8,88000,89000,13314,73,true,金牌打野,,,,,,,人工复核截图
M202606112216,2026-06-11 22:16,5v5排位,959,26,14,blue,blue,萧瑟仙贝打我,吕布,对抗路,8.5,2,4,12,74300,102800,10093,53,false,,,,,,,,人工复核截图
M202606112216,2026-06-11 22:16,5v5排位,959,26,14,blue,blue,月亮西沉朝阳,不知火舞,中路,8.0,5,4,8,85600,55600,10019,50,false,,,,,,,,人工复核截图
M202606112216,2026-06-11 22:16,5v5排位,959,26,14,blue,blue,异想天开的球,狄仁杰,发育路,12.1,7,2,6,150000,77900,12408,50,false,金牌发育路,,,,,,,人工复核截图
M202606112216,2026-06-11 22:16,5v5排位,959,26,14,blue,blue,迪路兽oo,瑶,游走,8.2,1,3,16,35400,49500,8910,65,false,,,,,,,,人工复核截图
M202606112235,2026-06-11 22:35,5v5排位,1069,21,33,red,red,鸽,影,打野,10.3,10,7,6,129300,123000,12987,48,false,铜牌打野,,,,,,,人工复核截图
M202606112235,2026-06-11 22:35,5v5排位,1069,21,33,red,red,迪路兽oo,廉颇,对抗路,8.0,4,3,8,64100,98700,10493,36,false,,,,,,,,人工复核截图
M202606112235,2026-06-11 22:35,5v5排位,1069,21,33,red,red,月亮西沉朝阳,张良,中路,7.7,2,4,14,85800,73300,10915,48,false,,,,,,,,人工复核截图
M202606112235,2026-06-11 22:35,5v5排位,1069,21,33,red,red,萧瑟仙贝打我,公孙离,发育路,10.2,13,6,7,123500,83100,13535,60,false,铜牌发育路,,,,,,,人工复核截图
M202606112235,2026-06-11 22:35,5v5排位,1069,21,33,red,red,异想天开的球,孙膑,游走,13.8,4,1,17,82700,129800,10757,63,true,金牌游走,,,,,,,人工复核截图
M202606122342,2026-06-12 23:42,5v5排位,892,26,15,blue,red,鸽,典韦,打野,9.4,5,3,9,75400,69500,10577,93,true,,,,,,,,人工复核截图
M202606122342,2026-06-12 23:42,5v5排位,892,26,15,blue,red,萧瑟仙贝打我,东皇太一,对抗路,7.2,0,8,8,90200,111700,8336,53,false,,,,,,,,人工复核截图
M202606122342,2026-06-12 23:42,5v5排位,892,26,15,blue,red,异想天开的球,嬴政,中路,6.6,2,3,6,82900,38400,9249,53,false,,,,,,,,人工复核截图
M202606122342,2026-06-12 23:42,5v5排位,892,26,15,blue,red,净漾银笑幻,马可波罗,发育路,7.3,7,5,3,82600,56200,9155,66,false,,,,,,,,人工复核截图
M202606122342,2026-06-12 23:42,5v5排位,892,26,15,blue,red,月亮西沉朝阳,钟馗,游走,5.4,1,7,8,45100,104600,7754,60,false,,,,,,,,人工复核截图
M202606130000,2026-06-13 00:00,5v5排位,1048,37,12,blue,blue,鸽,诸葛亮,打野,10.7,10,4,14,168300,69200,14156,64,false,铜牌打野,,,,,,,人工复核截图
M202606130000,2026-06-13 00:00,5v5排位,1048,37,12,blue,blue,萧瑟仙贝打我,猪八戒,对抗路,8.9,3,4,19,85600,126200,11857,59,false,,,,,,,,人工复核截图
M202606130000,2026-06-13 00:00,5v5排位,1048,37,12,blue,blue,异想天开的球,小乔,中路,11.4,13,1,6,155200,58300,13576,51,false,银牌中路,,,,,,,人工复核截图
M202606130000,2026-06-13 00:00,5v5排位,1048,37,12,blue,blue,净漾银笑幻,狄仁杰,发育路,7.9,4,2,8,84700,54800,12153,32,false,,,,,,,,人工复核截图
M202606130000,2026-06-13 00:00,5v5排位,1048,37,12,blue,blue,月亮西沉朝阳,孙膑,游走,14.7,7,1,23,89100,102800,10882,81,true,顶级游走,,,,,,,人工复核截图
M202606130021,2026-06-13 00:21,5v5排位,704,11,19,red,blue,鸽,盾山,游走,7.2,1,4,8,19600,75200,5834,81,false,,,,,,,,人工复核截图
M202606130021,2026-06-13 00:21,5v5排位,704,11,19,red,blue,净漾银笑幻,刘邦,对抗路,5.0,2,3,2,24800,59200,6603,36,false,,,,,,,,人工复核截图
M202606130021,2026-06-13 00:21,5v5排位,704,11,19,red,blue,异想天开的球,甄姬,中路,6.6,1,4,2,73700,37400,6191,27,false,,,,,,,,人工复核截图
M202606130021,2026-06-13 00:21,5v5排位,704,11,19,red,blue,萧瑟仙贝打我,后羿,发育路,8.0,3,4,5,67400,66300,6924,72,false,,,,,,,,人工复核截图
M202606130021,2026-06-13 00:21,5v5排位,704,11,19,red,blue,月亮西沉朝阳,孙策,打野,8.1,4,4,4,45100,57100,7168,72,true,,,,,,,,人工复核截图
M202606130037,2026-06-13 00:37,5v5排位,730,18,6,blue,blue,鸽,元流之子,打野,12.5,6,1,5,67400,62300,8116,61,true,金牌打野,,,,,,,人工复核截图
M202606130037,2026-06-13 00:37,5v5排位,730,18,6,blue,blue,萧瑟仙贝打我,关羽,对抗路,11.6,7,2,4,64900,39700,8664,61,false,金牌对抗路,,,,,,,人工复核截图
M202606130037,2026-06-13 00:37,5v5排位,730,18,6,blue,blue,月亮西沉朝阳,干将莫邪,中路,6.6,4,1,0,60600,26500,8602,22,false,,,,,,,,人工复核截图
M202606130037,2026-06-13 00:37,5v5排位,730,18,6,blue,blue,净漾银笑幻,虞姬,发育路,5.6,1,2,2,45800,36500,7433,16,false,,,,,,,,人工复核截图
M202606130037,2026-06-13 00:37,5v5排位,730,18,6,blue,blue,异想天开的球,蔡文姬,游走,8.4,0,0,9,35200,60600,6802,50,false,,,,,,,,人工复核截图
M202606132325,2026-06-13 23:25,5v5排位,1013,18,27,red,red,鸽,阿古朵,打野,7.2,3,5,13,91400,107900,11491,59,false,,,,,,,,人工复核截图
M202606132325,2026-06-13 23:25,5v5排位,1013,18,27,red,red,月亮西沉朝阳,夏洛特,对抗路,8.8,5,4,4,100800,84200,12007,33,false,,,,,,,,人工复核截图
M202606132325,2026-06-13 23:25,5v5排位,1013,18,27,red,red,吧唧小喵,王昭君,中路,9.6,6,3,11,94600,53500,9892,62,false,铜牌中路,,,,,,,人工复核截图
M202606132325,2026-06-13 23:25,5v5排位,1013,18,27,red,red,异想天开的球,蒙犽,发育路,11.1,7,2,11,117700,52400,13645,66,false,银牌发育路,,,,,,,人工复核截图
M202606132325,2026-06-13 23:25,5v5排位,1013,18,27,red,red,萧瑟仙贝打我,亚瑟,游走,11.3,6,4,15,91200,138500,10245,77,true,银牌游走,,,,,,,人工复核截图
M202606132345,2026-06-13 23:45,5v5排位,888,16,12,blue,blue,鸽,狄仁杰,发育路,9.9,4,2,6,116400,59400,11531,62,false,,,,,,,,人工复核截图
M202606132345,2026-06-13 23:45,5v5排位,888,16,12,blue,blue,萧瑟仙贝打我,甄姬,对抗路,7.6,3,5,2,84100,86000,9439,31,false,,,,,,,,人工复核截图
M202606132345,2026-06-13 23:45,5v5排位,888,16,12,blue,blue,吧唧小喵,张良,中路,10.9,4,1,8,78000,32200,9207,75,true,银牌中路,,,,,,,人工复核截图
M202606132345,2026-06-13 23:45,5v5排位,888,16,12,blue,blue,月亮西沉朝阳,夏侯惇,打野,9.4,5,2,4,62200,107800,10306,56,false,,,,,,,,人工复核截图
M202606132345,2026-06-13 23:45,5v5排位,888,16,12,blue,blue,异想天开的球,蔡文姬,游走,9.8,0,2,13,59000,94200,8096,81,false,铜牌游走,,,,,,,人工复核截图
M202606140004,2026-06-14 00:04,5v5排位,1543,30,30,blue,blue,鸽,武则天,中路,10.7,5,9,18,286400,113900,16666,76,true,银牌中路,,,,,,,人工复核截图
M202606140004,2026-06-14 00:04,5v5排位,1543,30,30,blue,blue,萧瑟仙贝打我,关羽,对抗路,7.6,8,8,4,92200,158600,15515,40,false,,,,,,,,人工复核截图
M202606140004,2026-06-14 00:04,5v5排位,1543,30,30,blue,blue,异想天开的球,艾琳,发育路,9.5,10,5,9,232300,102800,17557,63,false,,,,,,,,人工复核截图
M202606140004,2026-06-14 00:04,5v5排位,1543,30,30,blue,blue,月亮西沉朝阳,李白,打野,6.3,4,6,9,110300,102300,17367,43,false,,,,,,,,人工复核截图
M202606140004,2026-06-14 00:04,5v5排位,1543,30,30,blue,blue,吧唧小喵,朵莉亚,游走,10.4,3,2,23,107900,154600,14345,86,false,银牌游走,,,,,,,人工复核截图
M202606140033,2026-06-14 00:33,5v5排位,864,18,13,blue,blue,鸽,虞姬,发育路,12.0,12,4,3,103900,55500,11901,83,true,银牌发育路,,,,,,,人工复核截图
M202606140033,2026-06-14 00:33,5v5排位,864,18,13,blue,blue,萧瑟仙贝打我,关羽,对抗路,5.0,0,5,5,34800,72700,8245,27,false,,,,,,,,人工复核截图
M202606140033,2026-06-14 00:33,5v5排位,864,18,13,blue,blue,异想天开的球,小乔,中路,8.9,1,1,11,95200,41200,8577,66,false,,,,,,,,人工复核截图
M202606140033,2026-06-14 00:33,5v5排位,864,18,13,blue,blue,月亮西沉朝阳,夏侯惇,打野,9.3,5,2,4,60800,98200,10253,50,false,,,,,,,,人工复核截图
M202606140033,2026-06-14 00:33,5v5排位,864,18,13,blue,blue,吧唧小喵,武则天,游走,8.0,0,1,14,75000,37600,8061,77,false,,,,,,,,人工复核截图
M202606140051,2026-06-14 00:51,5v5排位,1225,33,25,blue,red,鸽,元流之子,游走,9.6,5,8,15,101400,200800,11225,80,false,,,,,,,,人工复核截图
M202606140051,2026-06-14 00:51,5v5排位,1225,33,25,blue,red,萧瑟仙贝打我,嫦娥,对抗路,5.6,1,6,7,94800,92300,12779,32,false,,,,,,,,人工复核截图
M202606140051,2026-06-14 00:51,5v5排位,1225,33,25,blue,red,吧唧小喵,妲己,中路,7.8,2,6,16,98100,73400,11474,72,false,,,,,,,,人工复核截图
M202606140051,2026-06-14 00:51,5v5排位,1225,33,25,blue,red,异想天开的球,孙尚香,发育路,7.2,7,6,7,124600,88600,13800,56,false,,,,,,,,人工复核截图
M202606140051,2026-06-14 00:51,5v5排位,1225,33,25,blue,red,月亮西沉朝阳,娜可露露,打野,9.9,10,7,7,127400,91400,15151,68,true,,,,,,,,人工复核截图
M202606140116,2026-06-14 01:16,5v5排位,724,20,9,blue,red,鸽,虞姬,发育路,3.3,0,6,1,39400,47200,6259,11,false,,,,,,,,人工复核截图
M202606140116,2026-06-14 01:16,5v5排位,724,20,9,blue,red,萧瑟仙贝打我,猪八戒,对抗路,6.5,1,3,3,35800,88100,7419,44,false,,,,,,,,人工复核截图
M202606140116,2026-06-14 01:16,5v5排位,724,20,9,blue,red,异想天开的球,金蝉,中路,8.0,4,1,1,72400,22200,8168,55,true,,,,,,,,人工复核截图
M202606140116,2026-06-14 01:16,5v5排位,724,20,9,blue,red,月亮西沉朝阳,阿轲,打野,6.1,3,4,1,39200,46500,8609,44,false,,,,,,,,人工复核截图
M202606140116,2026-06-14 01:16,5v5排位,724,20,9,blue,red,吧唧小喵,蔡文姬,游走,4.3,1,6,2,21900,74900,5368,33,false,,,,,,,,人工复核截图
M202606142053,2026-06-14 20:53,5v5排位,1026,21,27,red,red,月亮西沉朝阳,伽罗,发育路,11.9,13,4,6,148400,76200,15432,70,false,银牌发育路,,,,,,,人工复核截图
M202606142053,2026-06-14 20:53,5v5排位,1026,21,27,red,red,净漾银笑幻,刘邦,对抗路,6.5,1,5,14,40700,98200,10336,55,false,,,,,,,,人工复核截图
M202606142053,2026-06-14 20:53,5v5排位,1026,21,27,red,red,异想天开的球,小乔,中路,6.3,3,2,6,57500,36800,11254,33,false,,,,,,,,人工复核截图
M202606142053,2026-06-14 20:53,5v5排位,1026,21,27,red,red,迪路兽oo,阿古朵,打野,12.0,10,6,16,142300,165500,12155,96,true,银牌打野,,,,,,,人工复核截图
M202606142053,2026-06-14 20:53,5v5排位,1026,21,27,red,red,别压力我ok?,廉颇,游走,8.0,0,4,19,41500,122400,9498,70,false,,,,,,,,人工复核截图
M202606142114,2026-06-14 21:14,5v5排位,889,22,10,red,blue,月亮西沉朝阳,阿轲,打野,8.2,7,5,0,45100,63400,9854,70,true,,,,,,,,人工复核截图
M202606142114,2026-06-14 21:14,5v5排位,889,22,10,red,blue,迪路兽oo,李信,对抗路,5.9,1,2,3,31000,66200,9830,40,false,,,,,,,,人工复核截图
M202606142114,2026-06-14 21:14,5v5排位,889,22,10,red,blue,异想天开的球,姜子牙,中路,6.6,0,4,9,57100,42100,9776,90,false,,,,,,,,人工复核截图
M202606142114,2026-06-14 21:14,5v5排位,889,22,10,red,blue,净漾银笑幻,狄仁杰,发育路,5.4,1,4,4,61900,44700,8836,50,false,,,,,,,,人工复核截图
M202606142114,2026-06-14 21:14,5v5排位,889,22,10,red,blue,别压力我ok?,廉颇,游走,3.8,1,7,4,22600,105900,7807,50,false,,,,,,,,人工复核截图
M202606142133,2026-06-14 21:33,5v5排位,825,19,15,blue,blue,月亮西沉朝阳,李元芳,打野,12.8,12,2,5,115800,60300,12936,89,true,金牌打野,,,,,,,人工复核截图
M202606142133,2026-06-14 21:33,5v5排位,825,19,15,blue,blue,别压力我ok?,花木兰,对抗路,8.4,3,3,5,58300,44100,9551,42,false,,,,,,,,人工复核截图
M202606142133,2026-06-14 21:33,5v5排位,825,19,15,blue,blue,异想天开的球,扁鹊,中路,6.1,1,1,9,25700,42700,9258,52,false,,,,,,,,人工复核截图
M202606142133,2026-06-14 21:33,5v5排位,825,19,15,blue,blue,迪路兽oo,后羿,发育路,6.9,1,4,11,45900,54400,9800,63,false,,,,,,,,人工复核截图
M202606142133,2026-06-14 21:33,5v5排位,825,19,15,blue,blue,净漾银笑幻,刘邦,游走,7.1,2,5,11,30800,78000,7466,68,false,,,,,,,,人工复核截图
M202606142153,2026-06-14 21:53,5v5排位,788,15,16,blue,red,月亮西沉朝阳,貂蝉,中路,5.3,3,4,1,39100,60900,7303,26,false,,,,,,,,人工复核截图
M202606142153,2026-06-14 21:53,5v5排位,788,15,16,blue,red,净漾银笑幻,刘邦,对抗路,5.3,1,5,6,25300,74700,7127,46,false,,,,,,,,人工复核截图
M202606142153,2026-06-14 21:53,5v5排位,788,15,16,blue,red,别压力我ok?,马可波罗,发育路,7.3,3,2,5,60400,60400,8548,53,false,,,,,,,,人工复核截图
M202606142153,2026-06-14 21:53,5v5排位,788,15,16,blue,red,迪路兽oo,影,打野,12.0,7,4,5,136900,116700,10183,80,true,银牌打野,,,,,,,人工复核截图
M202606142153,2026-06-14 21:53,5v5排位,788,15,16,blue,red,异想天开的球,蔡文姬,游走,9.4,1,1,9,32600,97200,6915,66,false,,,,,,,,人工复核截图
M202606142210,2026-06-14 22:10,5v5排位,950,28,15,red,blue,月亮西沉朝阳,诸葛亮,打野,5.0,1,6,3,85200,43000,10034,26,false,,,,,,,,人工复核截图
M202606142210,2026-06-14 22:10,5v5排位,950,28,15,red,blue,净漾银笑幻,夏侯惇,游走,7.7,4,6,3,70800,130100,8723,46,false,,,,,,,,人工复核截图
M202606142210,2026-06-14 22:10,5v5排位,950,28,15,red,blue,别压力我ok?,貂蝉,中路,6.8,2,5,6,112500,67700,9294,53,false,,,,,,,,人工复核截图
M202606142210,2026-06-14 22:10,5v5排位,950,28,15,red,blue,迪路兽oo,狄仁杰,发育路,7.5,4,7,5,123300,70200,9407,60,false,,,,,,,,人工复核截图
M202606142210,2026-06-14 22:10,5v5排位,950,28,15,red,blue,异想天开的球,关羽,对抗路,7.8,4,4,4,50400,62900,9420,53,true,,,,,,,,人工复核截图
M202606142230,2026-06-14 22:30,5v5排位,984,17,23,blue,red,月亮西沉朝阳,墨子,游走,6.3,1,4,11,67200,77100,8397,70,false,,,,,,,,人工复核截图
M202606142230,2026-06-14 22:30,5v5排位,984,17,23,blue,red,迪路兽oo,司空震,对抗路,5.6,0,7,6,58200,103100,8673,35,false,,,,,,,,人工复核截图
M202606142230,2026-06-14 22:30,5v5排位,984,17,23,blue,red,异想天开的球,妲己,中路,6.4,4,4,6,61400,44800,10837,58,false,,,,,,,,人工复核截图
M202606142230,2026-06-14 22:30,5v5排位,984,17,23,blue,red,净漾银笑幻,虞姬,发育路,9.8,7,3,3,88500,66200,12121,58,true,,,,,,,,人工复核截图
M202606142230,2026-06-14 22:30,5v5排位,984,17,23,blue,red,别压力我ok?,裴擒虎,打野,7.5,5,5,7,75500,72000,10622,70,false,,,,,,,,人工复核截图
M202606162221,2026-06-16 22:21,5v5排位,1729,31,40,red,blue,月亮西沉朝阳,干将莫邪,中路,7.0,5,8,10,220400,83800,18700,48,false,,,,,,,,人工复核截图
M202606162221,2026-06-16 22:21,5v5排位,1729,31,40,red,blue,迪路兽oo,李信,对抗路,8.5,5,10,5,154800,249800,18400,32,false,,,,,,,,人工复核截图
M202606162221,2026-06-16 22:21,5v5排位,1729,31,40,red,blue,异想天开的球,虞姬,发育路,8.0,10,7,9,195700,117100,20600,61,false,,,,,,,,人工复核截图
M202606162221,2026-06-16 22:21,5v5排位,1729,31,40,red,blue,别压力我ok?,孙策,打野,6.2,5,9,11,102400,152100,16900,51,false,,,,,,,,人工复核截图
M202606162221,2026-06-16 22:21,5v5排位,1729,31,40,red,blue,珍珠罐罐,明世隐,游走,9.2,6,6,17,108300,172700,16900,74,true,,,,,,,,人工复核截图
M202606162253,2026-06-16 22:53,5v5排位,1164,21,31,red,blue,珍珠罐罐,庄周,游走,7.9,0,3,13,63100,165300,10213,61,false,,,,,,,,人工复核截图
M202606162253,2026-06-16 22:53,5v5排位,1164,21,31,red,blue,迪路兽oo,吕布,对抗路,8.1,5,8,9,91700,144500,10864,66,false,,,,,,,,人工复核截图
M202606162253,2026-06-16 22:53,5v5排位,1164,21,31,red,blue,异想天开的球,甄姬,中路,10.8,4,4,10,139300,72000,12437,66,true,银牌中路,,,,,,,人工复核截图
M202606162253,2026-06-16 22:53,5v5排位,1164,21,31,red,blue,别压力我ok?,马可波罗,发育路,7.1,7,8,6,92200,94200,11619,61,false,,,,,,,,人工复核截图
M202606162253,2026-06-16 22:53,5v5排位,1164,21,31,red,blue,月亮西沉朝阳,李元芳,打野,6.9,5,8,9,137100,95900,13768,66,false,,,,,,,,人工复核截图
M202606162316,2026-06-16 23:16,5v5排位,814,29,16,blue,blue,月亮西沉朝阳,孙策,打野,12.6,8,1,13,57800,65100,10300,72,true,金牌打野,,,,,,,人工复核截图
M202606162316,2026-06-16 23:16,5v5排位,814,29,16,blue,blue,迪路兽oo,杨戬,对抗路,6.6,2,2,6,41500,78000,7600,27,false,,,,,,,,人工复核截图
M202606162316,2026-06-16 23:16,5v5排位,814,29,16,blue,blue,别压力我ok?,小乔,中路,11.8,6,3,11,98800,42700,9800,58,false,金牌中路,,,,,,,人工复核截图
M202606162316,2026-06-16 23:16,5v5排位,814,29,16,blue,blue,异想天开的球,狄仁杰,发育路,11.9,13,5,7,102100,53100,11100,68,false,银牌发育路,,,,,,,人工复核截图
M202606162316,2026-06-16 23:16,5v5排位,814,29,16,blue,blue,珍珠罐罐,蔡文姬,游走,8.3,0,5,18,18700,82800,7000,62,false,,,,,,,,人工复核截图
M202606172230,2026-06-17 22:30,5v5排位,1276,27,28,red,red,净漾银笑幻,虞姬,发育路,10.3,8,2,10,177000,87300,17811,64,false,银牌发育路,,,,,,,人工复核截图
M202606172230,2026-06-17 22:30,5v5排位,1276,27,28,red,red,别压力我ok?,芈月,对抗路,6.4,6,8,8,78200,128400,13084,50,false,,,,,,,,人工复核截图
M202606172230,2026-06-17 22:30,5v5排位,1276,27,28,red,red,异想天开的球,甄姬,中路,6.9,1,3,9,168400,74900,11814,35,false,,,,,,,,人工复核截图
M202606172230,2026-06-17 22:30,5v5排位,1276,27,28,red,red,月亮西沉朝阳,孙策,打野,10.4,9,7,13,137300,120900,15991,78,true,银牌打野,,,,,,,人工复核截图
M202606172230,2026-06-17 22:30,5v5排位,1276,27,28,red,red,珍珠罐罐,廉颇,游走,5.8,4,7,14,64200,160900,11822,64,false,,,,,,,,人工复核截图
M202606172255,2026-06-17 22:55,5v5排位,860,13,19,red,red,净漾银笑幻,马可波罗,发育路,6.9,3,2,7,52200,50700,9332,52,false,,,,,,,,人工复核截图
M202606172255,2026-06-17 22:55,5v5排位,860,13,19,red,red,别压力我ok?,廉颇,对抗路,8.2,3,3,5,77900,94100,8924,42,false,,,,,,,,人工复核截图
M202606172255,2026-06-17 22:55,5v5排位,860,13,19,red,red,异想天开的球,小乔,中路,6.9,2,2,10,51400,25100,9388,63,false,,,,,,,,人工复核截图
M202606172255,2026-06-17 22:55,5v5排位,860,13,19,red,red,月亮西沉朝阳,李元芳,打野,11.7,10,2,4,108500,50800,12354,73,true,银牌打野,,,,,,,人工复核截图
M202606172255,2026-06-17 22:55,5v5排位,860,13,19,red,red,珍珠罐罐,瑶,游走,5.6,1,4,11,32800,41800,7391,63,false,,,,,,,,人工复核截图
M202606182342,2026-06-18 23:42,5v5排位,715,17,8,blue,blue,鸽,孙尚香,发育路,9.3,2,1,6,63700,54900,8399,47,false,,,,,,,,人工复核截图
M202606182342,2026-06-18 23:42,5v5排位,715,17,8,blue,blue,萧瑟仙贝打我,关羽,对抗路,8.0,3,4,6,44000,47100,7983,52,false,,,,,,,,人工复核截图
M202606182342,2026-06-18 23:42,5v5排位,715,17,8,blue,blue,吧唧小喵,貂蝉,中路,10.4,6,1,5,59800,38100,8323,64,true,铜牌中路,,,,,,,人工复核截图
M202606182342,2026-06-18 23:42,5v5排位,715,17,8,blue,blue,月亮西沉朝阳,李元芳,打野,7.6,5,2,4,53400,22500,9882,52,false,,,,,,,,人工复核截图
M202606182342,2026-06-18 23:42,5v5排位,715,17,8,blue,blue,异想天开的球,蔡文姬,游走,8.5,1,1,11,21200,61500,6677,70,false,,,,,,,,人工复核截图
M202606182357,2026-06-18 23:57,5v5排位,1205,33,29,blue,red,鸽,张飞,游走,6.5,1,5,15,44300,178900,10928,55,false,,,,,,,,人工复核截图
M202606182357,2026-06-18 23:57,5v5排位,1205,33,29,blue,red,萧瑟仙贝打我,亚瑟,对抗路,8.9,8,9,8,112100,125500,10818,55,true,,,,,,,,人工复核截图
M202606182357,2026-06-18 23:57,5v5排位,1205,33,29,blue,red,吧唧小喵,王昭君,中路,8.8,7,7,11,116000,93700,12010,62,false,,,,,,,,人工复核截图
M202606182357,2026-06-18 23:57,5v5排位,1205,33,29,blue,red,异想天开的球,蒙犽,发育路,6.9,5,6,9,96100,77900,12154,48,false,,,,,,,,人工复核截图
M202606182357,2026-06-18 23:57,5v5排位,1205,33,29,blue,red,月亮西沉朝阳,娜可露露,打野,7.9,8,6,5,109900,75100,16262,44,false,,,,,,,,人工复核截图
M202606190020,2026-06-19 00:20,5v5排位,942,12,25,red,red,鸽,吕布,对抗路,9.5,5,3,9,77400,90000,9647,56,false,,,,,,,,人工复核截图
M202606190020,2026-06-19 00:20,5v5排位,942,12,25,red,red,吧唧小喵,小乔,中路,9.6,7,2,5,83600,35400,10715,48,false,,,,,,,,人工复核截图
M202606190020,2026-06-19 00:20,5v5排位,942,12,25,red,red,异想天开的球,狄仁杰,发育路,6.9,1,2,8,69700,34000,10499,36,false,,,,,,,,人工复核截图
M202606190020,2026-06-19 00:20,5v5排位,942,12,25,red,red,月亮西沉朝阳,阿轲,打野,9.9,11,2,2,65600,57800,12000,52,true,,,,,,,,人工复核截图
M202606190020,2026-06-19 00:20,5v5排位,942,12,25,red,red,萧瑟仙贝打我,刘禅,游走,8.7,1,3,11,52400,123400,9401,48,false,,,,,,,,人工复核截图
M202606190040,2026-06-19 00:40,5v5排位,692,30,11,blue,blue,鸽,影,打野,12.8,12,3,5,87500,72100,9642,56,true,金牌打野,,,,,,,人工复核截图
M202606190040,2026-06-19 00:40,5v5排位,692,30,11,blue,blue,萧瑟仙贝打我,曹操,对抗路,9.5,7,4,3,59500,51400,7802,33,false,,,,,,,,人工复核截图
M202606190040,2026-06-19 00:40,5v5排位,692,30,11,blue,blue,吧唧小喵,元流之子,发育路,10.0,3,0,14,96000,22900,7827,56,false,,,,,,,,人工复核截图
M202606190040,2026-06-19 00:40,5v5排位,692,30,11,blue,blue,异想天开的球,甄姬,中路,10.0,6,0,8,60900,19900,9968,46,false,,,,,,,,人工复核截图
M202606190040,2026-06-19 00:40,5v5排位,692,30,11,blue,blue,月亮西沉朝阳,张良,游走,7.0,2,4,13,19000,44300,6676,50,false,,,,,,,,人工复核截图
M202606200007,2026-06-20 00:07,5v5排位,1116,21,26,red,blue,鸽,盘古,打野,6.2,2,8,9,92600,113900,10000,52,false,,,,,,,,人工复核截图
M202606200007,2026-06-20 00:07,5v5排位,1116,21,26,red,blue,萧瑟仙贝打我,关羽,对抗路,10.0,8,3,2,81000,78100,13000,47,false,铜牌对抗路,,,,,,,人工复核截图
M202606200007,2026-06-20 00:07,5v5排位,1116,21,26,red,blue,月亮西沉朝阳,武则天,中路,6.7,2,8,10,98900,77100,10900,57,false,,,,,,,,人工复核截图
M202606200007,2026-06-20 00:07,5v5排位,1116,21,26,red,blue,异想天开的球,狄仁杰,发育路,11.0,8,1,7,110800,58800,13700,71,true,银牌发育路,,,,,,,人工复核截图
M202606200007,2026-06-20 00:07,5v5排位,1116,21,26,red,blue,珍珠罐罐,王昭君,游走,4.5,1,6,7,33400,75100,9900,38,false,,,,,,,,人工复核截图
M202606200029,2026-06-20 00:29,5v5排位,1051,13,16,red,blue,鸽,狄仁杰,发育路,6.7,4,4,2,86800,55700,11600,46,false,,,,,,,,人工复核截图
M202606200029,2026-06-20 00:29,5v5排位,1051,13,16,red,blue,萧瑟仙贝打我,亚瑟,对抗路,7.9,5,4,2,78900,97300,11200,53,true,,,,,,,,人工复核截图
M202606200029,2026-06-20 00:29,5v5排位,1051,13,16,red,blue,异想天开的球,金蝉,中路,7.3,3,0,5,58800,34700,10000,61,false,,,,,,,,人工复核截图
M202606200029,2026-06-20 00:29,5v5排位,1051,13,16,red,blue,月亮西沉朝阳,橘右京,打野,4.5,0,4,5,43500,63900,10800,38,false,,,,,,,,人工复核截图
M202606200029,2026-06-20 00:29,5v5排位,1051,13,16,red,blue,珍珠罐罐,廉颇,游走,4.5,1,4,6,28600,125000,8300,53,false,,,,,,,,人工复核截图
M202606200050,2026-06-20 00:50,5v5排位,877,21,16,blue,blue,鸽,鲁班七号,发育路,9.0,3,5,7,99800,68000,9600,47,false,,,,,,,,人工复核截图
M202606200050,2026-06-20 00:50,5v5排位,877,21,16,blue,blue,萧瑟仙贝打我,曹操,对抗路,9.7,5,3,8,79500,75700,10300,61,false,,,,,,,,人工复核截图
M202606200050,2026-06-20 00:50,5v5排位,877,21,16,blue,blue,异想天开的球,甄姬,中路,4.9,1,2,3,68000,19800,8600,19,false,,,,,,,,人工复核截图
M202606200050,2026-06-20 00:50,5v5排位,877,21,16,blue,blue,月亮西沉朝阳,李元芳,打野,11.8,10,3,7,113300,42500,12800,80,true,银牌打野,,,,,,,人工复核截图
M202606200050,2026-06-20 00:50,5v5排位,877,21,16,blue,blue,珍珠罐罐,明世隐,游走,7.7,2,3,7,34500,63900,7700,42,false,,,,,,,,人工复核截图
M202606222220,2026-06-22 22:20,5v5排位,660,7,24,red,red,鸽,影,打野,13.0,11,2,7,87300,59200,10300,75,true,金牌打野,,,,,,,人工复核截图
M202606222220,2026-06-22 22:20,5v5排位,660,7,24,red,red,萧瑟仙贝打我,夏侯惇,对抗路,8.2,3,1,4,47300,64500,7600,29,false,,,,,,,,人工复核截图
M202606222220,2026-06-22 22:20,5v5排位,660,7,24,red,red,月亮西沉朝阳,不知火舞,中路,10.5,5,3,13,68600,24700,8400,75,false,银牌中路,,,,,,,人工复核截图
M202606222220,2026-06-22 22:20,5v5排位,660,7,24,red,red,净漾银笑幻,虞姬,发育路,9.3,4,1,10,61700,27600,8600,58,false,,,,,,,,人工复核截图
M202606222220,2026-06-22 22:20,5v5排位,660,7,24,red,red,异想天开的球,明世隐,游走,9.4,1,1,17,9200,26900,6400,75,false,,,,,,,,人工复核截图
M202606222235,2026-06-22 22:35,5v5排位,771,32,13,blue,blue,鸽,苍,发育路,9.5,3,4,13,94200,57100,8700,50,false,,,,,,,,人工复核截图
M202606222235,2026-06-22 22:35,5v5排位,771,32,13,blue,blue,净漾银笑幻,刘邦,对抗路,8.3,3,3,12,42800,58100,7900,46,false,,,,,,,,人工复核截图
M202606222235,2026-06-22 22:35,5v5排位,771,32,13,blue,blue,萧瑟仙贝打我,诸葛亮,中路,13.9,18,2,6,123000,53900,11300,75,true,金牌中路,,,,,,,人工复核截图
M202606222235,2026-06-22 22:35,5v5排位,771,32,13,blue,blue,月亮西沉朝阳,李元芳,打野,9.0,6,3,14,100300,40500,10000,62,false,,,,,,,,人工复核截图
M202606222235,2026-06-22 22:35,5v5排位,771,32,13,blue,blue,异想天开的球,桑启,游走,9.8,2,1,21,24900,44300,7600,71,false,铜牌游走,,,,,,,人工复核截图
M202606222252,2026-06-22 22:52,5v5排位,1333,33,26,blue,blue,鸽,狄仁杰,发育路,13.7,13,6,10,267200,129000,16300,69,true,金牌发育路,,,,,,,人工复核截图
M202606222252,2026-06-22 22:52,5v5排位,1333,33,26,blue,blue,净漾银笑幻,刘邦,对抗路,9.6,5,5,16,77200,205500,13800,63,false,,,,,,,,人工复核截图
M202606222252,2026-06-22 22:52,5v5排位,1333,33,26,blue,blue,异想天开的球,金蝉,中路,8.1,1,2,17,153400,47700,13700,54,false,,,,,,,,人工复核截图
M202606222252,2026-06-22 22:52,5v5排位,1333,33,26,blue,blue,萧瑟仙贝打我,兰陵王,打野,8.0,9,7,7,99300,88000,13500,48,false,,,,,,,,人工复核截图
M202606222252,2026-06-22 22:52,5v5排位,1333,33,26,blue,blue,月亮西沉朝阳,钟馗,游走,9.5,5,6,20,88600,179300,13000,75,false,,,,,,,,人工复核截图
M202606222319,2026-06-22 23:19,5v5排位,1117,36,18,blue,red,鸽,张飞,游走,10.1,2,8,13,71200,224300,10300,83,false,铜牌游走,,,,,,,人工复核截图
M202606222319,2026-06-22 23:19,5v5排位,1117,36,18,blue,red,萧瑟仙贝打我,梦奇,对抗路,7.8,1,7,7,106600,132600,11900,44,false,,,,,,,,人工复核截图
M202606222319,2026-06-22 23:19,5v5排位,1117,36,18,blue,red,异想天开的球,小乔,中路,8.4,6,6,4,120100,60600,12000,55,false,,,,,,,,人工复核截图
M202606222319,2026-06-22 23:19,5v5排位,1117,36,18,blue,red,净漾银笑幻,狄仁杰,发育路,10.8,6,5,7,151600,75400,12300,72,true,银牌发育路,,,,,,,人工复核截图
M202606222319,2026-06-22 23:19,5v5排位,1117,36,18,blue,red,月亮西沉朝阳,孙策,打野,7.7,3,10,8,104700,130900,11300,61,false,,,,,,,,人工复核截图
M202606232150,2026-06-23 21:50,5v5排位,859,15,31,red,red,鸽,哪吒,对抗路,6.5,7,4,5,42400,60700,9600,38,false,,,,,,,,人工复核截图
M202606232150,2026-06-23 21:50,5v5排位,859,15,31,red,red,吧唧小喵,貂蝉,中路,11.3,9,2,9,92900,59200,9700,58,false,银牌中路,,,,,,,人工复核截图
M202606232150,2026-06-23 21:50,5v5排位,859,15,31,red,red,净漾银笑幻,狄仁杰,发育路,8.5,5,4,17,74200,50400,10700,70,false,,,,,,,,人工复核截图
M202606232150,2026-06-23 21:50,5v5排位,859,15,31,red,red,月亮西沉朝阳,孙策,打野,9.2,6,2,12,69900,42800,10300,58,false,,,,,,,,人工复核截图
M202606232150,2026-06-23 21:50,5v5排位,859,15,31,red,red,萧瑟仙贝打我,钟馗,游走,12.6,4,3,20,62500,98800,8100,77,true,金牌游走,,,,,,,人工复核截图
M202606232208,2026-06-23 22:08,5v5排位,801,17,8,blue,red,鸽,曜,打野,6.2,1,1,6,56800,64800,7900,87,false,,,,,,,,人工复核截图
M202606232208,2026-06-23 22:08,5v5排位,801,17,8,blue,red,净漾银笑幻,刘邦,对抗路,5.9,2,4,2,40800,79000,7400,50,false,,,,,,,,人工复核截图
M202606232208,2026-06-23 22:08,5v5排位,801,17,8,blue,red,吧唧小喵,王昭君,中路,7.4,2,4,5,68700,52000,7200,87,true,,,,,,,,人工复核截图
M202606232208,2026-06-23 22:08,5v5排位,801,17,8,blue,red,萧瑟仙贝打我,马可波罗,发育路,5.8,3,4,1,62400,54200,7700,50,false,,,,,,,,人工复核截图
M202606232208,2026-06-23 22:08,5v5排位,801,17,8,blue,red,月亮西沉朝阳,张良,游走,5.9,0,4,7,28500,63500,6300,87,false,,,,,,,,人工复核截图
M202606232225,2026-06-23 22:25,5v5排位,889,12,26,red,red,鸽,盘古,打野,11.6,7,2,12,90000,89800,11500,73,false,银牌打野,,,,,,,人工复核截图
M202606232225,2026-06-23 22:25,5v5排位,889,12,26,red,red,萧瑟仙贝打我,海诺,对抗路,6.5,1,2,9,88600,64400,9700,38,false,,,,,,,,人工复核截图
M202606232225,2026-06-23 22:25,5v5排位,889,12,26,red,red,月亮西沉朝阳,不知火舞,中路,11.0,8,4,10,88700,51400,10500,69,false,银牌中路,,,,,,,人工复核截图
M202606232225,2026-06-23 22:25,5v5排位,889,12,26,red,red,净漾银笑幻,狄仁杰,发育路,8.6,8,2,7,67800,49600,11100,57,false,,,,,,,,人工复核截图
M202606232225,2026-06-23 22:25,5v5排位,889,12,26,red,red,吧唧小喵,蔡文姬,游走,12.1,2,2,19,36000,103900,8100,80,true,金牌游走,,,,,,,人工复核截图
M202606232245,2026-06-23 22:45,5v5排位,1304,21,22,red,blue,鸽,诸葛亮,打野,6.5,4,8,7,138400,89200,13700,52,false,,,,,,,,人工复核截图
M202606232245,2026-06-23 22:45,5v5排位,1304,21,22,red,blue,月亮西沉朝阳,廉颇,对抗路,11.2,6,3,10,144900,185700,14600,76,true,银牌对抗路,,,,,,,人工复核截图
M202606232245,2026-06-23 22:45,5v5排位,1304,21,22,red,blue,异想天开的球,嬴政,中路,10.7,4,1,8,267300,43200,14800,57,false,铜牌中路,,,,,,,人工复核截图
M202606232245,2026-06-23 22:45,5v5排位,1304,21,22,red,blue,萧瑟仙贝打我,马可波罗,发育路,6.2,5,10,5,112800,92600,13600,47,false,,,,,,,,人工复核截图
M202606232245,2026-06-23 22:45,5v5排位,1304,21,22,red,blue,吧唧小喵,朵莉亚,游走,10.7,2,0,15,116900,131000,11800,80,false,银牌游走,,,,,,,人工复核截图
M202606242117,2026-06-24 21:17,5v5排位,1037,29,27,blue,blue,迪路兽oo,影,打野,12.2,11,7,8,158800,135700,12400,65,true,银牌打野,,,,,,,人工复核截图
M202606242117,2026-06-24 21:17,5v5排位,1037,29,27,blue,blue,别压力我ok?,花木兰,对抗路,8.0,5,6,4,76300,76300,10900,31,false,,,,,,,,人工复核截图
M202606242117,2026-06-24 21:17,5v5排位,1037,29,27,blue,blue,月亮西沉朝阳,不知火舞,中路,8.7,5,8,6,122500,78900,11000,37,false,,,,,,,,人工复核截图
M202606242117,2026-06-24 21:17,5v5排位,1037,29,27,blue,blue,净漾银笑幻,虞姬,发育路,11.9,7,3,8,169000,58400,13200,51,false,银牌发育路,,,,,,,人工复核截图
M202606242117,2026-06-24 21:17,5v5排位,1037,29,27,blue,blue,珍珠罐罐,张飞,游走,6.3,1,3,12,23700,121300,9300,44,false,,,,,,,,人工复核截图
M202606242137,2026-06-24 21:37,5v5排位,1367,35,31,blue,blue,迪路兽oo,影,打野,14.5,20,10,9,244700,200400,17600,82,true,金牌打野,,,,,,,人工复核截图
M202606242137,2026-06-24 21:37,5v5排位,1367,35,31,blue,blue,别压力我ok?,廉颇,对抗路,9.5,6,6,14,130500,198800,14300,57,false,,,,,,,,人工复核截图
M202606242137,2026-06-24 21:37,5v5排位,1367,35,31,blue,blue,月亮西沉朝阳,干将莫邪,中路,7.3,4,5,9,137600,74600,15800,37,false,,,,,,,,人工复核截图
M202606242137,2026-06-24 21:37,5v5排位,1367,35,31,blue,blue,净漾银笑幻,孙尚香,发育路,8.1,5,5,10,164800,83800,16500,42,false,,,,,,,,人工复核截图
M202606242137,2026-06-24 21:37,5v5排位,1367,35,31,blue,blue,珍珠罐罐,明世隐,游走,6.0,0,5,14,45800,107700,12300,40,false,,,,,,,,人工复核截图
M202606262144,2026-06-26 21:44,5v5排位,684,18,19,red,red,鸽,阿古朵,打野,11.7,7,4,8,98500,85800,9100,78,true,银牌打野,,,,,,,人工复核截图
M202606262144,2026-06-26 21:44,5v5排位,684,18,19,red,red,别压力我ok?,廉颇,对抗路,10.9,3,4,11,73400,76000,7700,73,false,银牌对抗路,,,,,,,人工复核截图
M202606262144,2026-06-26 21:44,5v5排位,684,18,19,red,red,异想天开的球,扁鹊,中路,7.6,5,3,8,40100,37400,7700,68,false,,,,,,,,人工复核截图
M202606262144,2026-06-26 21:44,5v5排位,684,18,19,red,red,净漾银笑幻,狄仁杰,发育路,7.8,4,2,5,53600,34000,9000,47,false,,,,,,,,人工复核截图
M202606262144,2026-06-26 21:44,5v5排位,684,18,19,red,red,吧唧小喵,孙膑,游走,10.0,0,5,16,44800,65600,6600,84,false,铜牌游走,,,,,,,人工复核截图
M202606262159,2026-06-26 21:59,5v5排位,918,27,16,blue,blue,鸽,心魔六耳,打野,12.8,13,1,4,115100,70000,12600,62,true,金牌打野,,,,,,,人工复核截图
M202606262159,2026-06-26 21:59,5v5排位,918,27,16,blue,blue,吧唧小喵,白起,对抗路,8.0,3,2,8,69200,158400,9300,40,false,,,,,,,,人工复核截图
M202606262159,2026-06-26 21:59,5v5排位,918,27,16,blue,blue,别压力我ok?,小乔,中路,8.4,3,5,11,96700,70300,9500,51,false,,,,,,,,人工复核截图
M202606262159,2026-06-26 21:59,5v5排位,918,27,16,blue,blue,净漾银笑幻,黄忠,发育路,10.0,8,5,10,127900,79600,10800,66,false,,,,,,,,人工复核截图
M202606262159,2026-06-26 21:59,5v5排位,918,27,16,blue,blue,异想天开的球,蔡文姬,游走,12.7,0,3,25,73000,138800,9100,92,false,金牌游走,,,,,,,人工复核截图
M202606262217,2026-06-26 22:17,5v5排位,1040,17,27,red,blue,鸽,阿古朵,打野,10.7,9,6,5,106400,124700,12500,82,true,,,,,,,,人工复核截图
M202606262217,2026-06-26 22:17,5v5排位,1040,17,27,red,blue,净漾银笑幻,项羽,对抗路,7.6,2,6,6,79600,119000,8800,47,false,,,,,,,,人工复核截图
M202606262217,2026-06-26 22:17,5v5排位,1040,17,27,red,blue,吧唧小喵,妲己,中路,8.2,6,5,4,103200,77900,10200,58,false,,,,,,,,人工复核截图
M202606262217,2026-06-26 22:17,5v5排位,1040,17,27,red,blue,别压力我ok?,马可波罗,发育路,5.1,0,6,6,66000,79600,9300,35,false,,,,,,,,人工复核截图
M202606262217,2026-06-26 22:17,5v5排位,1040,17,27,red,blue,异想天开的球,桑启,游走,6.0,0,4,10,51900,101000,8300,58,false,,,,,,,,人工复核截图
M202606262239,2026-06-26 22:39,5v5排位,824,13,30,red,red,鸽,心魔六耳,打野,13.2,9,1,10,105300,40100,12100,63,true,金牌打野,,,,,,,人工复核截图
M202606262239,2026-06-26 22:39,5v5排位,824,13,30,red,red,别压力我ok?,曜,对抗路,9.9,5,3,7,62300,54100,10200,40,false,,,,,,,,人工复核截图
M202606262239,2026-06-26 22:39,5v5排位,824,13,30,red,red,异想天开的球,海月,中路,8.7,4,1,4,79800,60700,8400,26,false,,,,,,,,人工复核截图
M202606262239,2026-06-26 22:39,5v5排位,824,13,30,red,red,净漾银笑幻,李元芳,发育路,8.3,5,3,10,61700,39300,10100,50,false,,,,,,,,人工复核截图
M202606262239,2026-06-26 22:39,5v5排位,824,13,30,red,red,吧唧小喵,钟馗,游走,10.7,7,5,16,52500,87800,8500,76,false,银牌游走,,,,,,,人工复核截图
M202606262256,2026-06-26 22:56,5v5排位,854,20,21,red,red,鸽,哪吒,对抗路,8.4,7,5,11,65500,73900,9400,85,false,,,,,,,,人工复核截图
M202606262256,2026-06-26 22:56,5v5排位,854,20,21,red,red,吧唧小喵,夏侯惇,打野,5.4,0,5,8,64800,105500,8100,38,false,,,,,,,,人工复核截图
M202606262256,2026-06-26 22:56,5v5排位,854,20,21,red,red,异想天开的球,扁鹊,中路,7.7,3,3,12,46400,61700,9400,71,false,,,,,,,,人工复核截图
M202606262256,2026-06-26 22:56,5v5排位,854,20,21,red,red,净漾银笑幻,虞姬,发育路,12.1,9,3,8,114500,39700,11800,80,true,银牌发育路,,,,,,,人工复核截图
M202606262256,2026-06-26 22:56,5v5排位,854,20,21,red,red,别压力我ok?,王昭君,游走,8.0,2,4,11,71500,54900,8400,61,false,,,,,,,,人工复核截图
M202606262313,2026-06-26 23:13,5v5排位,720,12,27,red,red,鸽,亚瑟,打野,8.8,7,3,9,38600,52200,8100,59,false,,,,,,,,人工复核截图
M202606262313,2026-06-26 23:13,5v5排位,720,12,27,red,red,别压力我ok?,花木兰,对抗路,8.2,3,2,9,35700,34500,9300,44,false,,,,,,,,人工复核截图
M202606262313,2026-06-26 23:13,5v5排位,720,12,27,red,red,异想天开的球,海月,中路,13.9,6,1,11,84200,46600,9300,62,true,金牌中路,,,,,,,人工复核截图
M202606262313,2026-06-26 23:13,5v5排位,720,12,27,red,red,净漾银笑幻,狄仁杰,发育路,10.2,7,2,11,59400,36300,8900,66,false,铜牌发育路,,,,,,,人工复核截图
M202606262313,2026-06-26 23:13,5v5排位,720,12,27,red,red,吧唧小喵,蔡文姬,游走,11.1,4,4,16,26800,93000,7400,74,false,银牌游走,,,,,,,人工复核截图
M202606262329,2026-06-26 23:29,5v5排位,955,11,23,red,blue,鸽,心魔六耳,打野,6.0,4,7,3,41800,59000,10900,63,false,,,,,,,,人工复核截图
M202606262329,2026-06-26 23:29,5v5排位,955,11,23,red,blue,别压力我ok?,夏侯惇,对抗路,4.6,1,5,3,31300,114500,8500,36,false,,,,,,,,人工复核截图
M202606262329,2026-06-26 23:29,5v5排位,955,11,23,red,blue,吧唧小喵,扁鹊,中路,5.5,2,3,2,71200,76700,9000,36,false,,,,,,,,人工复核截图
M202606262329,2026-06-26 23:29,5v5排位,955,11,23,red,blue,异想天开的球,伽罗,发育路,8.2,4,4,4,74100,45300,10800,72,true,,,,,,,,人工复核截图
M202606262329,2026-06-26 23:29,5v5排位,955,11,23,red,blue,净漾银笑幻,刘禅,游走,6.2,0,4,7,19900,133400,8200,63,false,,,,,,,,人工复核截图
M202606282220,2026-06-28 22:20,5v5排位,835,17,18,red,blue,鸽,阿古朵,打野,6.5,5,4,4,65900,84200,9800,52,false,,,,,,,,人工复核截图
M202606282220,2026-06-28 22:20,5v5排位,835,17,18,red,blue,净漾银笑幻,白起,对抗路,5.6,2,4,6,24600,74500,7700,47,false,,,,,,,,人工复核截图
M202606282220,2026-06-28 22:20,5v5排位,835,17,18,red,blue,异想天开的球,海月,中路,8.1,3,2,5,65800,60100,9100,47,false,,,,,,,,人工复核截图
M202606282220,2026-06-28 22:20,5v5排位,835,17,18,red,blue,萧瑟仙贝打我,百里守约,发育路,10.6,5,3,6,86000,51900,9100,64,true,铜牌发育路,,,,,,,人工复核截图
M202606282220,2026-06-28 22:20,5v5排位,835,17,18,red,blue,珍珠罐罐,刘禅,游走,6.5,2,5,9,17300,87600,6800,64,false,,,,,,,,人工复核截图
M202606282238,2026-06-28 22:38,5v5排位,946,12,21,red,red,鸽,阿古朵,打野,10.7,7,4,11,100100,102700,12300,85,true,,,,,,,,人工复核截图
M202606282238,2026-06-28 22:38,5v5排位,946,12,21,red,red,净漾银笑幻,项羽,对抗路,6.7,4,4,8,58300,66500,10700,57,false,,,,,,,,人工复核截图
M202606282238,2026-06-28 22:38,5v5排位,946,12,21,red,red,异想天开的球,嬴政,中路,8.4,3,2,14,70700,46900,10200,80,false,,,,,,,,人工复核截图
M202606282238,2026-06-28 22:38,5v5排位,946,12,21,red,red,萧瑟仙贝打我,百里守约,发育路,8.5,4,1,6,68800,46300,12600,47,false,,,,,,,,人工复核截图
M202606282238,2026-06-28 22:38,5v5排位,946,12,21,red,red,珍珠罐罐,王昭君,游走,9.0,3,1,13,37400,43500,9500,76,false,,,,,,,,人工复核截图
M202606282257,2026-06-28 22:57,5v5排位,995,19,26,red,red,鸽,赵云,打野,10.7,8,2,8,76100,67400,13200,61,true,铜牌打野,,,,,,,人工复核截图
M202606282257,2026-06-28 22:57,5v5排位,995,19,26,red,red,净漾银笑幻,白起,对抗路,6.7,5,4,9,37200,85500,10300,53,false,,,,,,,,人工复核截图
M202606282257,2026-06-28 22:57,5v5排位,995,19,26,red,red,珍珠罐罐,甄姬,中路,8.1,2,5,17,77900,58400,9100,73,false,,,,,,,,人工复核截图
M202606282257,2026-06-28 22:57,5v5排位,995,19,26,red,red,异想天开的球,狄仁杰,发育路,8.4,5,3,9,106400,41300,10800,53,false,,,,,,,,人工复核截图
M202606282257,2026-06-28 22:57,5v5排位,995,19,26,red,red,萧瑟仙贝打我,钟馗,游走,10.4,6,5,15,72400,111000,9300,80,false,银牌游走,,,,,,,人工复核截图
M202606282318,2026-06-28 23:18,5v5排位,1303,24,26,blue,blue,鸽,典韦,打野,10.6,9,6,9,167500,129900,15200,75,true,铜牌打野,,,,,,,人工复核截图
M202606282318,2026-06-28 23:18,5v5排位,1303,24,26,blue,blue,萧瑟仙贝打我,关羽,对抗路,8.0,4,3,8,72700,85700,16200,50,false,,,,,,,,人工复核截图
M202606282318,2026-06-28 23:18,5v5排位,1303,24,26,blue,blue,珍珠罐罐,海月,中路,5.7,1,6,13,58200,105900,11400,58,false,,,,,,,,人工复核截图
M202606282318,2026-06-28 23:18,5v5排位,1303,24,26,blue,blue,异想天开的球,孙尚香,发育路,10.2,8,3,10,139900,61800,16600,75,false,,,,,,,,人工复核截图
M202606282318,2026-06-28 23:18,5v5排位,1303,24,26,blue,blue,净漾银笑幻,刘禅,游走,6.3,2,8,13,35800,156200,11400,62,false,,,,,,,,人工复核截图
M202606282343,2026-06-28 23:43,5v5排位,1054,20,21,red,blue,鸽,心魔六耳,打野,9.4,7,7,5,114100,91000,12100,60,true,,,,,,,,人工复核截图
M202606282343,2026-06-28 23:43,5v5排位,1054,20,21,red,blue,萧瑟仙贝打我,关羽,对抗路,7.6,3,4,6,64800,65900,12500,45,false,,,,,,,,人工复核截图
M202606282343,2026-06-28 23:43,5v5排位,1054,20,21,red,blue,异想天开的球,海月,中路,7.6,4,4,8,92600,86500,10900,60,false,,,,,,,,人工复核截图
M202606282343,2026-06-28 23:43,5v5排位,1054,20,21,red,blue,净漾银笑幻,狄仁杰,发育路,9.4,6,3,8,106400,76000,12700,70,false,,,,,,,,人工复核截图
M202606282343,2026-06-28 23:43,5v5排位,1054,20,21,red,blue,珍珠罐罐,瑶,游走,6.0,0,3,11,35100,69300,9400,55,false,,,,,,,,人工复核截图
M202606292213,2026-06-29 22:13,5v5排位,848,9,19,red,blue,鸽,阿古朵,打野,6.1,1,3,3,65700,87200,8700,44,false,,,,,,,,人工复核截图
M202606292213,2026-06-29 22:13,5v5排位,848,9,19,red,blue,月亮西沉朝阳,夏洛特,对抗路,11.9,6,4,1,96800,106000,9600,77,true,金牌对抗路,,,,,,,人工复核截图
M202606292213,2026-06-29 22:13,5v5排位,848,9,19,red,blue,异想天开的球,海月,中路,5.5,2,3,1,54700,54700,8000,33,false,,,,,,,,人工复核截图
M202606292213,2026-06-29 22:13,5v5排位,848,9,19,red,blue,别压力我ok?,花木兰,发育路,4.0,0,6,0,29200,71800,8000,0,false,,,,,,,,人工复核截图
M202606292213,2026-06-29 22:13,5v5排位,848,9,19,red,blue,净漾银笑幻,张飞,游走,3.5,0,3,1,16100,97300,6000,11,false,,,,,,,,人工复核截图
M202606292231,2026-06-29 22:31,5v5排位,921,20,15,blue,red,鸽,艾琳,发育路,9.4,4,2,6,87100,58400,10200,66,true,,,,,,,,人工复核截图
M202606292231,2026-06-29 22:31,5v5排位,921,20,15,blue,red,净漾银笑幻,夏侯惇,对抗路,6.2,3,3,3,70800,104200,9600,40,false,,,,,,,,人工复核截图
M202606292231,2026-06-29 22:31,5v5排位,921,20,15,blue,red,异想天开的球,甄姬,中路,7.2,2,4,6,83500,46200,9800,53,false,,,,,,,,人工复核截图
M202606292231,2026-06-29 22:31,5v5排位,921,20,15,blue,red,别压力我ok?,哪吒,打野,7.1,4,4,7,69600,61800,10400,73,false,,,,,,,,人工复核截图
M202606292231,2026-06-29 22:31,5v5排位,921,20,15,blue,red,月亮西沉朝阳,钟馗,游走,6.7,2,7,11,31500,121600,7900,86,false,,,,,,,,人工复核截图
M202606292250,2026-06-29 22:50,5v5排位,919,4,17,red,blue,鸽,阿古朵,打野,5.6,3,4,0,82100,102700,9000,75,false,,,,,,,,人工复核截图
M202606292250,2026-06-29 22:50,5v5排位,919,4,17,red,blue,月亮西沉朝阳,海诺,对抗路,6.5,0,3,2,85500,110700,8600,50,false,,,,,,,,人工复核截图
M202606292250,2026-06-29 22:50,5v5排位,919,4,17,red,blue,别压力我ok?,干将莫邪,中路,4.8,1,4,1,82400,42100,7800,50,false,,,,,,,,人工复核截图
M202606292250,2026-06-29 22:50,5v5排位,919,4,17,red,blue,净漾银笑幻,虞姬,发育路,4.5,0,4,2,60300,57400,8400,50,false,,,,,,,,人工复核截图
M202606292250,2026-06-29 22:50,5v5排位,919,4,17,red,blue,异想天开的球,蔡文姬,游走,6.7,0,2,3,38800,118800,6800,75,true,,,,,,,,人工复核截图
M202606292308,2026-06-29 23:08,5v5排位,665,13,4,blue,blue,鸽,廉颇,游走,9.9,1,0,8,39600,50500,6300,69,true,铜牌游走,,,,,,,人工复核截图
M202606292308,2026-06-29 23:08,5v5排位,665,13,4,blue,blue,别压力我ok?,哪吒,对抗路,6.0,3,2,2,29400,25100,7000,38,false,,,,,,,,人工复核截图
M202606292308,2026-06-29 23:08,5v5排位,665,13,4,blue,blue,异想天开的球,小乔,中路,9.6,1,0,5,72100,19600,7500,46,false,,,,,,,,人工复核截图
M202606292308,2026-06-29 23:08,5v5排位,665,13,4,blue,blue,净漾银笑幻,狄仁杰,发育路,7.7,3,0,3,40400,13500,7200,46,false,,,,,,,,人工复核截图
M202606292308,2026-06-29 23:08,5v5排位,665,13,4,blue,blue,月亮西沉朝阳,娜可露露,打野,6.9,5,2,0,41700,19800,9100,38,false,,,,,,,,人工复核截图
M202606302230,2026-06-30 22:30,5v5排位,712,13,11,red,red,鸽,赵云,打野,13.0,7,0,4,94500,60800,9100,100,true,金牌打野,,,,,,,人工复核截图
M202606302230,2026-06-30 22:30,5v5排位,712,13,11,red,red,月亮西沉朝阳,夏洛特,对抗路,5.1,0,5,4,39400,57900,6300,36,false,,,,,,,,人工复核截图
M202606302230,2026-06-30 22:30,5v5排位,712,13,11,red,red,异想天开的球,扁鹊,中路,5.4,2,4,3,49400,53200,6100,45,false,,,,,,,,人工复核截图
M202606302230,2026-06-30 22:30,5v5排位,712,13,11,red,red,净漾银笑幻,狄仁杰,发育路,7.0,2,1,3,68700,51400,9100,45,false,,,,,,,,人工复核截图
M202606302230,2026-06-30 22:30,5v5排位,712,13,11,red,red,珍珠罐罐,蔡文姬,游走,4.3,0,3,2,18400,70000,5300,18,false,,,,,,,,人工复核截图
M202606302246,2026-06-30 22:46,5v5排位,1131,22,25,red,blue,鸽,廉颇,打野,6.0,0,6,9,66300,190700,8900,40,false,,,,,,,,人工复核截图
M202606302246,2026-06-30 22:46,5v5排位,1131,22,25,red,blue,异想天开的球,海月,中路,7.4,5,4,3,83600,92100,9800,36,false,,,,,,,,人工复核截图
M202606302246,2026-06-30 22:46,5v5排位,1131,22,25,red,blue,净漾银笑幻,狄仁杰,发育路,12.1,9,2,6,126600,102400,14700,68,true,银牌发育路,,,,,,,人工复核截图
M202606302246,2026-06-30 22:46,5v5排位,1131,22,25,red,blue,月亮西沉朝阳,哪吒,对抗路,8.2,8,7,7,98700,97600,11700,68,false,,,,,,,,人工复核截图
M202606302246,2026-06-30 22:46,5v5排位,1131,22,25,red,blue,珍珠罐罐,蔡文姬,游走,7.1,0,6,12,31200,162600,8700,54,false,,,,,,,,人工复核截图
M202606302308,2026-06-30 23:08,5v5排位,879,21,12,blue,red,鸽,狂铁,对抗路,4.5,0,4,4,37600,80000,8000,33,false,,,,,,,,人工复核截图
M202606302308,2026-06-30 23:08,5v5排位,879,21,12,blue,red,异想天开的球,甄姬,中路,10.2,4,4,4,150300,43800,8800,66,true,铜牌中路,,,,,,,人工复核截图
M202606302308,2026-06-30 23:08,5v5排位,879,21,12,blue,red,净漾银笑幻,后羿,发育路,4.1,1,5,2,50200,52300,8000,25,false,,,,,,,,人工复核截图
M202606302308,2026-06-30 23:08,5v5排位,879,21,12,blue,red,月亮西沉朝阳,娜可露露,打野,9.8,7,3,2,85400,64600,11800,75,false,,,,,,,,人工复核截图
M202606302308,2026-06-30 23:08,5v5排位,879,21,12,blue,red,珍珠罐罐,廉颇,游走,4.1,0,5,6,29500,92400,6900,50,false,,,,,,,,人工复核截图
M202607012147,2026-07-01 21:47,5v5排位,1248,19,21,red,blue,鸽,心魔六耳,打野,8.0,6,5,9,94700,101800,14200,78,false,,,,,,,,人工复核截图
M202607012147,2026-07-01 21:47,5v5排位,1248,19,21,red,blue,萧瑟仙贝打我,吕布,对抗路,6.3,0,4,11,68300,154400,12500,57,false,,,,,,,,人工复核截图
M202607012147,2026-07-01 21:47,5v5排位,1248,19,21,red,blue,别压力我ok?,小乔,中路,8.9,7,4,8,89800,67100,13600,78,true,,,,,,,,人工复核截图
M202607012147,2026-07-01 21:47,5v5排位,1248,19,21,red,blue,净漾银笑幻,狄仁杰,发育路,7.8,4,4,7,97400,78100,13800,57,false,,,,,,,,人工复核截图
M202607012147,2026-07-01 21:47,5v5排位,1248,19,21,red,blue,异想天开的球,大乔,游走,7.8,2,4,14,79200,100000,11500,84,false,,,,,,,,人工复核截图
M202607012212,2026-07-01 22:12,5v5排位,1751,29,29,blue,blue,鸽,牛魔,游走,8.9,2,7,16,108800,272000,15900,62,false,,,,,,,,人工复核截图
M202607012212,2026-07-01 22:12,5v5排位,1751,29,29,blue,blue,萧瑟仙贝打我,芈月,对抗路,8.6,7,8,4,203800,220000,20400,37,false,,,,,,,,人工复核截图
M202607012212,2026-07-01 22:12,5v5排位,1751,29,29,blue,blue,异想天开的球,小乔,中路,8.9,6,4,8,205800,81600,17700,48,false,,,,,,,,人工复核截图
M202607012212,2026-07-01 22:12,5v5排位,1751,29,29,blue,blue,净漾银笑幻,孙尚香,发育路,9.9,9,3,4,186000,85500,21500,44,true,,,,,,,,人工复核截图
M202607012212,2026-07-01 22:12,5v5排位,1751,29,29,blue,blue,别压力我ok?,曜,打野,7.0,5,7,12,116100,167400,16600,58,false,,,,,,,,人工复核截图
M202607012245,2026-07-01 22:45,5v5排位,1076,25,22,blue,blue,鸽,少司缘,游走,8.1,5,5,12,50400,139800,10700,68,false,,,,,,,,人工复核截图
M202607012245,2026-07-01 22:45,5v5排位,1076,25,22,blue,blue,净漾银笑幻,白起,对抗路,6.7,1,3,12,54400,137000,11000,52,false,,,,,,,,人工复核截图
M202607012245,2026-07-01 22:45,5v5排位,1076,25,22,blue,blue,异想天开的球,扁鹊,中路,10.8,8,5,10,112700,96000,11600,72,true,银牌中路,,,,,,,人工复核截图
M202607012245,2026-07-01 22:45,5v5排位,1076,25,22,blue,blue,别压力我ok?,马可波罗,发育路,7.0,3,3,7,59000,59400,12400,40,false,,,,,,,,人工复核截图
M202607012245,2026-07-01 22:45,5v5排位,1076,25,22,blue,blue,萧瑟仙贝打我,亚瑟,打野,9.9,8,6,9,98000,132800,13500,68,false,铜牌打野,,,,,,,人工复核截图
M202607012307,2026-07-01 23:07,5v5排位,786,20,7,blue,blue,鸽,元流之子,打野,12.0,9,2,3,60000,80600,9600,60,true,金牌打野,,,,,,,人工复核截图
M202607012307,2026-07-01 23:07,5v5排位,786,20,7,blue,blue,萧瑟仙贝打我,关羽,对抗路,9.7,4,1,3,53200,43200,10500,35,false,铜牌对抗路,,,,,,,人工复核截图
M202607012307,2026-07-01 23:07,5v5排位,786,20,7,blue,blue,别压力我ok?,王昭君,中路,11.6,3,1,12,91400,44900,9000,75,false,金牌中路,,,,,,,人工复核截图
M202607012307,2026-07-01 23:07,5v5排位,786,20,7,blue,blue,净漾银笑幻,虞姬,发育路,10.3,3,2,5,114300,45100,9000,40,false,铜牌发育路,,,,,,,人工复核截图
M202607012307,2026-07-01 23:07,5v5排位,786,20,7,blue,blue,异想天开的球,蔡文姬,游走,9.9,1,1,12,41700,73900,7700,65,false,铜牌游走,,,,,,,人工复核截图
M202607012324,2026-07-01 23:24,5v5排位,901,19,21,red,red,鸽,盘古,打野,6.6,3,5,4,61300,60700,10200,33,false,,,,,,,,人工复核截图
M202607012324,2026-07-01 23:24,5v5排位,901,19,21,red,red,萧瑟仙贝打我,孙策,对抗路,10.3,7,5,9,81600,65800,10400,76,false,银牌对抗路,,,,,,,人工复核截图
M202607012324,2026-07-01 23:24,5v5排位,901,19,21,red,red,别压力我ok?,王昭君,中路,8.4,3,2,8,87700,48900,9500,52,false,,,,,,,,人工复核截图
M202607012324,2026-07-01 23:24,5v5排位,901,19,21,red,red,异想天开的球,伽罗,发育路,10.4,7,2,8,93900,40600,10300,71,true,铜牌发育路,,,,,,,人工复核截图
M202607012324,2026-07-01 23:24,5v5排位,901,19,21,red,red,净漾银笑幻,刘禅,游走,7.4,1,5,10,26500,119900,8500,52,false,,,,,,,,人工复核截图
M202607022146,2026-07-02 21:46,5v5排位,1744,36,21,red,blue,鸽,海诺,对抗路,7.7,2,4,24,128200,228600,20000,72,false,,,,,,,,人工复核截图
M202607022146,2026-07-02 21:46,5v5排位,1744,36,21,red,blue,吧唧小喵,王昭君,中路,9.8,8,4,20,195000,125400,16600,77,false,银牌中路,,,,,,,人工复核截图
M202607022146,2026-07-02 21:46,5v5排位,1744,36,21,red,blue,异想天开的球,虞姬,发育路,10.5,16,2,11,186400,86400,25200,75,true,铜牌发育路,,,,,,,人工复核截图
M202607022146,2026-07-02 21:46,5v5排位,1744,36,21,red,blue,别压力我ok?,赵云,打野,7.1,9,9,6,162600,160500,18100,41,false,,,,,,,,人工复核截图
M202607022146,2026-07-02 21:46,5v5排位,1744,36,21,red,blue,珍珠罐罐,明世隐,游走,8.7,1,2,28,64200,118200,16400,80,false,,,,,,,,人工复核截图
M202607022219,2026-07-02 22:19,5v5排位,529,4,14,red,red,鸽,廉颇,游走,11.5,1,0,11,41100,35800,5300,85,true,银牌游走,,,,,,,人工复核截图
M202607022219,2026-07-02 22:19,5v5排位,529,4,14,red,red,吧唧小喵,貂蝉,中路,4.7,0,1,2,39200,20500,5600,14,false,,,,,,,,人工复核截图
M202607022219,2026-07-02 22:19,5v5排位,529,4,14,red,red,珍珠罐罐,海月,对抗路,6.1,0,1,7,25400,15600,5200,50,false,,,,,,,,人工复核截图
M202607022219,2026-07-02 22:19,5v5排位,529,4,14,red,red,异想天开的球,孙尚香,发育路,10.4,5,1,5,52000,24600,7400,71,false,铜牌发育路,,,,,,,人工复核截图
M202607022219,2026-07-02 22:19,5v5排位,529,4,14,red,red,别压力我ok?,曜,打野,10.8,8,1,0,47300,19500,7000,57,false,铜牌打野,,,,,,,人工复核截图
M202607022232,2026-07-02 22:32,5v5排位,1041,20,17,blue,red,鸽,大司命,对抗路,10.2,5,4,4,121000,138400,10100,52,true,铜牌对抗路,,,,,,,人工复核截图
M202607022232,2026-07-02 22:32,5v5排位,1041,20,17,blue,red,吧唧小喵,海月,中路,9.1,5,3,3,89500,91800,10900,47,false,,,,,,,,人工复核截图
M202607022232,2026-07-02 22:32,5v5排位,1041,20,17,blue,red,珍珠罐罐,艾琳,发育路,4.8,1,5,4,68000,78100,10300,29,false,,,,,,,,人工复核截图
M202607022232,2026-07-02 22:32,5v5排位,1041,20,17,blue,red,别压力我ok?,李白,打野,7.0,3,6,5,97900,56100,10600,47,false,,,,,,,,人工复核截图
M202607022232,2026-07-02 22:32,5v5排位,1041,20,17,blue,red,异想天开的球,蔡文姬,游走,7.1,3,2,3,34600,125300,9100,35,false,,,,,,,,人工复核截图
M202607022253,2026-07-02 22:53,5v5排位,922,11,21,red,red,鸽,大司命,对抗路,8.5,3,1,13,83600,73100,10900,76,false,,,,,,,,人工复核截图
M202607022253,2026-07-02 22:53,5v5排位,922,11,21,red,red,珍珠罐罐,亚瑟,打野,5.9,2,2,7,29900,59500,9400,42,false,,,,,,,,人工复核截图
M202607022253,2026-07-02 22:53,5v5排位,922,11,21,red,red,别压力我ok?,王昭君,中路,9.1,5,4,10,61800,64100,9600,71,false,,,,,,,,人工复核截图
M202607022253,2026-07-02 22:53,5v5排位,922,11,21,red,red,异想天开的球,狄仁杰,发育路,10.1,8,2,8,74700,45100,11100,76,false,铜牌发育路,,,,,,,人工复核截图
M202607022253,2026-07-02 22:53,5v5排位,922,11,21,red,red,吧唧小喵,钟馗,游走,10.7,3,2,17,41400,85600,9100,95,true,银牌游走,,,,,,,人工复核截图
M202607022312,2026-07-02 23:12,5v5排位,1207,20,21,red,red,鸽,盾山,游走,6.9,4,6,15,28200,132600,11000,90,false,,,,,,,,人工复核截图
M202607022312,2026-07-02 23:12,5v5排位,1207,20,21,red,red,吧唧小喵,芈月,对抗路,7.4,3,4,1,86400,107700,12800,19,false,,,,,,,,人工复核截图
M202607022312,2026-07-02 23:12,5v5排位,1207,20,21,red,red,别压力我ok?,王昭君,中路,5.3,1,5,9,68800,71700,11300,47,false,,,,,,,,人工复核截图
M202607022312,2026-07-02 23:12,5v5排位,1207,20,21,red,red,异想天开的球,伽罗,发育路,7.6,5,1,9,78800,45100,14100,66,false,,,,,,,,人工复核截图
M202607022312,2026-07-02 23:12,5v5排位,1207,20,21,red,red,月亮西沉朝阳,阿轲,打野,8.2,8,4,5,85500,73700,15500,61,true,,,,,,,,人工复核截图
M202607022336,2026-07-02 23:36,5v5排位,728,22,8,blue,blue,鸽,廉颇,游走,8.8,0,4,16,38800,58800,6800,72,false,,,,,,,,人工复核截图
M202607022336,2026-07-02 23:36,5v5排位,728,22,8,blue,blue,别压力我ok?,王昭君,对抗路,6.0,2,2,7,33200,25500,8200,40,false,,,,,,,,人工复核截图
M202607022336,2026-07-02 23:36,5v5排位,728,22,8,blue,blue,吧唧小喵,金蝉,中路,13.9,8,0,9,83100,17800,8000,77,true,金牌中路,,,,,,,人工复核截图
M202607022336,2026-07-02 23:36,5v5排位,728,22,8,blue,blue,异想天开的球,虞姬,发育路,10.7,8,1,7,76800,19800,8600,68,false,铜牌发育路,,,,,,,人工复核截图
M202607022336,2026-07-02 23:36,5v5排位,728,22,8,blue,blue,月亮西沉朝阳,娜可露露,打野,8.1,4,1,6,57500,28100,10500,45,false,,,,,,,,人工复核截图
M202607022351,2026-07-02 23:51,5v5排位,1108,13,22,red,red,鸽,廉颇,游走,11.4,3,0,15,82200,109500,10500,81,true,银牌游走,,,,,,,人工复核截图
M202607022351,2026-07-02 23:51,5v5排位,1108,13,22,red,red,别压力我ok?,花木兰,对抗路,8.5,5,4,5,65000,60600,13800,45,false,,,,,,,,人工复核截图
M202607022351,2026-07-02 23:51,5v5排位,1108,13,22,red,red,吧唧小喵,王昭君,中路,8.6,0,1,13,119800,66100,10700,59,false,,,,,,,,人工复核截图
M202607022351,2026-07-02 23:51,5v5排位,1108,13,22,red,red,异想天开的球,伽罗,发育路,7.9,9,3,8,86200,45700,12700,77,false,,,,,,,,人工复核截图
M202607022351,2026-07-02 23:51,5v5排位,1108,13,22,red,red,月亮西沉朝阳,李元芳,打野,6.6,5,5,6,87500,59400,13900,50,false,,,,,,,,人工复核截图
M202607041739,2026-07-04 17:39,5v5排位,987,37,15,blue,red,鸽,孙权,发育路,10.6,5,6,7,158000,107900,12200,80,true,铜牌发育路,,,,,,,人工复核截图
M202607041739,2026-07-04 17:39,5v5排位,987,37,15,blue,red,月亮西沉朝阳,钟馗,游走,6.4,6,9,3,85900,119500,9400,60,false,,,,,,,,人工复核截图
M202607041739,2026-07-04 17:39,5v5排位,987,37,15,blue,red,吧唧小喵,海月,中路,6.7,3,9,6,73500,117100,8700,60,false,,,,,,,,人工复核截图
M202607041739,2026-07-04 17:39,5v5排位,987,37,15,blue,red,别压力我ok?,韩信,打野,5.9,0,6,6,53700,76000,10200,40,false,,,,,,,,人工复核截图
M202607041739,2026-07-04 17:39,5v5排位,987,37,15,blue,red,珍珠罐罐,廉颇,对抗路,7.1,1,7,10,58800,165200,9000,73,false,,,,,,,,人工复核截图
M202607041759,2026-07-04 17:59,5v5排位,776,22,11,blue,blue,鸽,赵云,打野,9.6,5,2,7,62100,28300,10200,54,true,,,,,,,,人工复核截图
M202607041759,2026-07-04 17:59,5v5排位,776,22,11,blue,blue,月亮西沉朝阳,廉颇,游走,9.1,3,1,9,42900,27500,8200,54,false,,,,,,,,人工复核截图
M202607041759,2026-07-04 17:59,5v5排位,776,22,11,blue,blue,吧唧小喵,貂蝉,中路,8.0,3,2,9,64800,34000,8900,54,false,,,,,,,,人工复核截图
M202607041759,2026-07-04 17:59,5v5排位,776,22,11,blue,blue,珍珠罐罐,后羿,发育路,9.0,7,4,4,66500,39200,9700,50,false,,,,,,,,人工复核截图
M202607041759,2026-07-04 17:59,5v5排位,776,22,11,blue,blue,别压力我ok?,王昭君,对抗路,8.4,4,2,8,46900,34600,7800,54,false,,,,,,,,人工复核截图
M202607041816,2026-07-04 18:16,5v5排位,910,26,10,blue,blue,鸽,赵云,打野,14.5,11,0,5,128800,68600,13000,61,true,金牌打野,,,,,,,人工复核截图
M202607041816,2026-07-04 18:16,5v5排位,910,26,10,blue,blue,月亮西沉朝阳,关羽,对抗路,9.1,7,2,1,57900,41600,11000,30,false,,,,,,,,人工复核截图
M202607041816,2026-07-04 18:16,5v5排位,910,26,10,blue,blue,别压力我ok?,王昭君,中路,6.7,4,5,7,64000,69600,9800,42,false,,,,,,,,人工复核截图
M202607041816,2026-07-04 18:16,5v5排位,910,26,10,blue,blue,吧唧小喵,孙尚香,发育路,10.3,2,1,11,121100,86100,10700,50,false,铜牌发育路,,,,,,,人工复核截图
M202607041816,2026-07-04 18:16,5v5排位,910,26,10,blue,blue,珍珠罐罐,张飞,游走,7.3,2,2,10,25100,93700,8700,46,false,,,,,,,,人工复核截图
M202607041853,2026-07-04 18:53,5v5排位,825,7,21,red,red,鸽,元流之子,对抗路,7.7,2,0,6,51900,51300,8800,38,false,,,,,,,,人工复核截图
M202607041853,2026-07-04 18:53,5v5排位,825,7,21,red,red,异想天开的球,金蝉,中路,7.1,0,2,10,67100,34700,8200,47,false,,,,,,,,人工复核截图
M202607041853,2026-07-04 18:53,5v5排位,825,7,21,red,red,吧唧小喵,戈娅,发育路,8.6,5,2,11,83200,48500,8800,76,false,,,,,,,,人工复核截图
M202607041853,2026-07-04 18:53,5v5排位,825,7,21,red,red,月亮西沉朝阳,娜可露露,打野,13.5,13,1,6,108900,48100,12800,90,true,金牌打野,,,,,,,人工复核截图
M202607041853,2026-07-04 18:53,5v5排位,825,7,21,red,red,珍珠罐罐,瑶,游走,9.7,1,2,15,40700,39300,7700,76,false,铜牌游走,,,,,,,人工复核截图
M202607041911,2026-07-04 19:11,5v5排位,792,13,19,red,blue,鸽,大司命,对抗路,9.4,4,4,2,97800,105600,7300,46,true,,,,,,,,人工复核截图
M202607041911,2026-07-04 19:11,5v5排位,792,13,19,red,blue,异想天开的球,海月,中路,8.2,4,6,5,67700,67800,7200,69,false,,,,,,,,人工复核截图
M202607041911,2026-07-04 19:11,5v5排位,792,13,19,red,blue,吧唧小喵,后羿,发育路,7.8,2,2,4,66400,52400,8100,46,false,,,,,,,,人工复核截图
M202607041911,2026-07-04 19:11,5v5排位,792,13,19,red,blue,月亮西沉朝阳,阿轲,打野,6.3,3,3,3,57800,65900,9400,46,false,,,,,,,,人工复核截图
M202607041911,2026-07-04 19:11,5v5排位,792,13,19,red,blue,迪路兽oo,朵莉亚,游走,5.5,0,4,8,23400,77200,6300,61,false,,,,,,,,人工复核截图
M202607041928,2026-07-04 19:28,5v5排位,1366,18,25,red,red,鸽,赵云,打野,11.3,13,6,4,196700,127100,16600,68,true,银牌打野,,,,,,,人工复核截图
M202607041928,2026-07-04 19:28,5v5排位,1366,18,25,red,red,异想天开的球,夏侯惇,对抗路,5.6,0,2,8,88100,135000,13900,32,false,,,,,,,,人工复核截图
M202607041928,2026-07-04 19:28,5v5排位,1366,18,25,red,red,吧唧小喵,金蝉,中路,9.2,3,4,13,228900,61600,13000,64,false,,,,,,,,人工复核截图
M202607041928,2026-07-04 19:28,5v5排位,1366,18,25,red,red,月亮西沉朝阳,伽罗,发育路,10.0,8,5,9,237300,89100,17100,68,false,,,,,,,,人工复核截图
M202607041928,2026-07-04 19:28,5v5排位,1366,18,25,red,red,迪路兽oo,张飞,游走,7.3,1,1,15,42500,168200,12000,64,false,,,,,,,,人工复核截图
M202607041955,2026-07-04 19:55,5v5排位,626,5,14,red,red,鸽,赵云,打野,14.0,8,0,4,72600,36000,8100,85,true,金牌打野,,,,,,,人工复核截图
M202607041955,2026-07-04 19:55,5v5排位,626,5,14,red,red,萧瑟仙贝打我,关羽,对抗路,5.2,1,3,2,25300,35300,6600,21,false,,,,,,,,人工复核截图
M202607041955,2026-07-04 19:55,5v5排位,626,5,14,red,red,异想天开的球,扁鹊,中路,6.8,2,1,6,38400,29800,6400,57,false,,,,,,,,人工复核截图
M202607041955,2026-07-04 19:55,5v5排位,626,5,14,red,red,月亮西沉朝阳,鲁班七号,发育路,8.8,3,1,5,62000,22500,8000,57,false,,,,,,,,人工复核截图
M202607041955,2026-07-04 19:55,5v5排位,626,5,14,red,red,吧唧小喵,蔡文姬,游走,9.1,0,0,11,15400,33100,5800,78,false,,,,,,,,人工复核截图
M202607042010,2026-07-04 20:10,5v5排位,1347,43,38,blue,red,鸽,哪吒,对抗路,6.7,4,9,20,127800,189500,12900,63,false,,,,,,,,人工复核截图
M202607042010,2026-07-04 20:10,5v5排位,1347,43,38,blue,red,萧瑟仙贝打我,大司命,打野,9.8,10,12,7,132500,184400,15700,44,false,,,,,,,,人工复核截图
M202607042010,2026-07-04 20:10,5v5排位,1347,43,38,blue,red,吧唧小喵,王昭君,中路,9.6,7,8,16,160100,119100,13300,60,false,铜牌中路,,,,,,,人工复核截图
M202607042010,2026-07-04 20:10,5v5排位,1347,43,38,blue,red,异想天开的球,虞姬,发育路,9.2,7,5,9,192900,82800,16600,42,false,,,,,,,,人工复核截图
M202607042010,2026-07-04 20:10,5v5排位,1347,43,38,blue,red,月亮西沉朝阳,钟馗,游走,11.1,10,9,13,76500,213900,12900,60,true,银牌游走,,,,,,,人工复核截图
M202607052136,2026-07-05 21:36,5v5排位,781,19,16,blue,blue,鸽,赵云,打野,6.6,4,4,8,55200,38100,9100,63,false,,,,,,,,人工复核截图
M202607052136,2026-07-05 21:36,5v5排位,781,19,16,blue,blue,萧瑟仙贝打我,老夫子,对抗路,10.9,5,1,4,30000,23900,10500,47,true,银牌对抗路,,,,,,,人工复核截图
M202607052136,2026-07-05 21:36,5v5排位,781,19,16,blue,blue,月亮西沉朝阳,钟馗,中路,8.0,4,4,9,43400,70500,7900,68,false,,,,,,,,人工复核截图
M202607052136,2026-07-05 21:36,5v5排位,781,19,16,blue,blue,净漾银笑幻,虞姬,发育路,9.9,5,3,6,84800,34500,9000,57,false,,,,,,,,人工复核截图
M202607052136,2026-07-05 21:36,5v5排位,781,19,16,blue,blue,珍珠罐罐,刘禅,游走,8.1,1,4,12,28400,83300,7300,68,false,,,,,,,,人工复核截图
M202607052207,2026-07-05 22:07,5v5排位,914,26,21,blue,blue,鸽,上官婉儿,中路,7.8,7,8,5,77200,65300,9200,46,false,,,,,,,,人工复核截图
M202607052207,2026-07-05 22:07,5v5排位,914,26,21,blue,blue,萧瑟仙贝打我,关羽,对抗路,11.2,4,1,9,66000,59000,10300,50,true,银牌对抗路,,,,,,,人工复核截图
M202607052207,2026-07-05 22:07,5v5排位,914,26,21,blue,blue,净漾银笑幻,虞姬,发育路,9.2,5,2,7,85500,53400,11700,46,false,,,,,,,,人工复核截图
M202607052207,2026-07-05 22:07,5v5排位,914,26,21,blue,blue,月亮西沉朝阳,娜可露露,打野,7.8,9,7,3,70200,59500,12100,46,false,,,,,,,,人工复核截图
M202607052207,2026-07-05 22:07,5v5排位,914,26,21,blue,blue,珍珠罐罐,张飞,游走,8.1,1,3,17,13300,102700,8700,69,false,,,,,,,,人工复核截图
M202607052226,2026-07-05 22:26,5v5排位,715,31,13,blue,red,鸽,上官婉儿,中路,5.6,3,8,3,28300,52100,6500,46,false,,,,,,,,人工复核截图
M202607052226,2026-07-05 22:26,5v5排位,715,31,13,blue,red,萧瑟仙贝打我,关羽,对抗路,4.8,2,7,3,32800,45500,6500,38,false,,,,,,,,人工复核截图
M202607052226,2026-07-05 22:26,5v5排位,715,31,13,blue,red,净漾银笑幻,虞姬,发育路,6.3,3,5,3,42100,41600,7500,46,false,,,,,,,,人工复核截图
M202607052226,2026-07-05 22:26,5v5排位,715,31,13,blue,red,月亮西沉朝阳,李元芳,打野,5.6,3,6,4,44800,46900,7800,53,false,,,,,,,,人工复核截图
M202607052226,2026-07-05 22:26,5v5排位,715,31,13,blue,red,珍珠罐罐,夏侯惇,游走,6.9,2,5,5,26300,93000,5800,53,true,,,,,,,,人工复核截图
M202607062234,2026-07-06 22:34,5v5排位,1346,21,26,red,red,鸽,亚瑟,对抗路,8.9,4,6,15,138200,177500,13900,73,false,,,,,,,,人工复核截图
M202607062234,2026-07-06 22:34,5v5排位,1346,21,26,red,red,异想天开的球,金蝉,中路,12.3,3,2,20,192000,54400,14500,88,true,金牌中路,,,,,,,人工复核截图
M202607062234,2026-07-06 22:34,5v5排位,1346,21,26,red,red,净漾银笑幻,虞姬,发育路,9.0,11,4,7,166500,87500,16400,69,false,,,,,,,,人工复核截图
M202607062234,2026-07-06 22:34,5v5排位,1346,21,26,red,red,萧瑟仙贝打我,猪八戒,打野,10.2,8,6,13,106700,221400,15400,80,false,铜牌打野,,,,,,,人工复核截图
M202607062234,2026-07-06 22:34,5v5排位,1346,21,26,red,red,月亮西沉朝阳,钟馗,游走,6.5,0,3,18,65200,146900,12400,69,false,,,,,,,,人工复核截图
M202607062300,2026-07-06 23:00,5v5排位,1215,15,24,red,red,鸽,上官婉儿,中路,6.4,6,7,5,100900,94400,11900,45,false,,,,,,,,人工复核截图
M202607062300,2026-07-06 23:00,5v5排位,1215,15,24,red,red,萧瑟仙贝打我,白起,对抗路,8.8,3,2,12,117200,196200,13400,62,false,,,,,,,,人工复核截图
M202607062300,2026-07-06 23:00,5v5排位,1215,15,24,red,red,异想天开的球,伽罗,发育路,8.4,4,1,9,132200,44200,14300,54,false,,,,,,,,人工复核截图
M202607062300,2026-07-06 23:00,5v5排位,1215,15,24,red,red,月亮西沉朝阳,娜可露露,打野,7.8,9,5,6,90400,80400,16100,62,false,,,,,,,,人工复核截图
M202607062300,2026-07-06 23:00,5v5排位,1215,15,24,red,red,净漾银笑幻,庄周,游走,12.8,2,0,17,75700,157900,11100,79,true,金牌游走,,,,,,,人工复核截图
M202607072210,2026-07-07 22:10,5v5排位,1288,18,23,red,red,鸽,亚瑟,打野,10.1,9,4,8,98400,152400,14300,73,true,铜牌打野,,,,,,,人工复核截图
M202607072210,2026-07-07 22:10,5v5排位,1288,18,23,red,red,别压力我ok?,元歌,对抗路,7.9,2,1,11,119100,63900,13200,56,false,,,,,,,,人工复核截图
M202607072210,2026-07-07 22:10,5v5排位,1288,18,23,red,red,月亮西沉朝阳,王昭君,中路,6.9,4,4,8,106000,88000,14300,52,false,,,,,,,,人工复核截图
M202607072210,2026-07-07 22:10,5v5排位,1288,18,23,red,red,异想天开的球,狄仁杰,发育路,7.9,6,3,7,110800,52400,16300,56,false,,,,,,,,人工复核截图
M202607072210,2026-07-07 22:10,5v5排位,1288,18,23,red,red,净漾银笑幻,廉颇,游走,5.0,2,6,10,46200,133500,11400,52,false,,,,,,,,人工复核截图
M202607072235,2026-07-07 22:35,5v5排位,614,20,7,blue,blue,鸽,亚瑟,打野,10.1,4,2,10,57700,44200,7400,70,false,铜牌打野,,,,,,,人工复核截图
M202607072235,2026-07-07 22:35,5v5排位,614,20,7,blue,blue,别压力我ok?,元歌,对抗路,6.6,2,4,9,34600,33700,5800,55,false,,,,,,,,人工复核截图
M202607072235,2026-07-07 22:35,5v5排位,614,20,7,blue,blue,异想天开的球,小乔,中路,12.4,5,0,9,56100,15700,7500,70,true,金牌中路,,,,,,,人工复核截图
M202607072235,2026-07-07 22:35,5v5排位,614,20,7,blue,blue,净漾银笑幻,虞姬,发育路,10.5,6,0,7,43800,16400,7900,65,false,铜牌发育路,,,,,,,人工复核截图
M202607072235,2026-07-07 22:35,5v5排位,614,20,7,blue,blue,月亮西沉朝阳,鬼谷子,游走,8.0,3,1,11,18200,33100,5700,70,false,,,,,,,,人工复核截图
M202607072249,2026-07-07 22:49,5v5排位,698,8,10,red,red,鸽,亚瑟,打野,7.0,2,3,6,49800,48100,7000,80,false,,,,,,,,人工复核截图
M202607072249,2026-07-07 22:49,5v5排位,698,8,10,red,red,月亮西沉朝阳,芈月,对抗路,9.0,4,0,1,47000,17400,9500,50,true,,,,,,,,人工复核截图
M202607072249,2026-07-07 22:49,5v5排位,698,8,10,red,red,别压力我ok?,嬴政,中路,8.3,2,1,4,69300,30600,6800,60,false,,,,,,,,人工复核截图
M202607072249,2026-07-07 22:49,5v5排位,698,8,10,red,red,净漾银笑幻,虞姬,发育路,6.4,2,1,0,45100,27300,7300,20,false,,,,,,,,人工复核截图
M202607072249,2026-07-07 22:49,5v5排位,698,8,10,red,red,异想天开的球,蔡文姬,游走,6.5,0,3,6,25100,69300,6100,60,false,,,,,,,,人工复核截图
M202607072305,2026-07-07 23:05,5v5排位,1002,33,17,blue,red,鸽,虞姬,发育路,9.7,3,5,6,145000,86100,10600,52,true,,,,,,,,人工复核截图
M202607072305,2026-07-07 23:05,5v5排位,1002,33,17,blue,red,净漾银笑幻,芈月,对抗路,8.6,7,8,2,104700,118700,10700,52,false,,,,,,,,人工复核截图
M202607072305,2026-07-07 23:05,5v5排位,1002,33,17,blue,red,异想天开的球,海月,中路,5.5,1,5,4,84400,75400,10200,29,false,,,,,,,,人工复核截图
M202607072305,2026-07-07 23:05,5v5排位,1002,33,17,blue,red,月亮西沉朝阳,宫本武藏,打野,7.1,5,8,4,74100,87100,11700,52,false,,,,,,,,人工复核截图
M202607072305,2026-07-07 23:05,5v5排位,1002,33,17,blue,red,珍珠罐罐,庄周,游走,6.2,1,7,8,44200,157400,9100,52,false,,,,,,,,人工复核截图
M202607072325,2026-07-07 23:25,5v5排位,1216,28,17,blue,red,鸽,盘古,打野,5.6,3,9,9,66700,116200,12500,70,false,,,,,,,,人工复核截图
M202607072325,2026-07-07 23:25,5v5排位,1216,28,17,blue,red,月亮西沉朝阳,夏洛特,对抗路,6.7,2,6,9,84000,95600,12500,64,false,,,,,,,,人工复核截图
M202607072325,2026-07-07 23:25,5v5排位,1216,28,17,blue,red,异想天开的球,扁鹊,中路,10.8,9,4,4,134400,60600,14500,76,true,银牌中路,,,,,,,人工复核截图
M202607072325,2026-07-07 23:25,5v5排位,1216,28,17,blue,red,净漾银笑幻,狄仁杰,发育路,6.7,2,5,10,86300,74500,13000,70,false,,,,,,,,人工复核截图
M202607072325,2026-07-07 23:25,5v5排位,1216,28,17,blue,red,珍珠罐罐,张良,游走,6.1,1,4,11,43000,61500,11100,70,false,,,,,,,,人工复核截图
M202607082057,2026-07-08 20:57,5v5排位,914,26,13,blue,blue,鸽,元流之子,打野,11.5,8,2,9,88900,101700,10100,65,false,银牌打野,,,,,,,人工复核截图
M202607082057,2026-07-08 20:57,5v5排位,914,26,13,blue,blue,别压力我ok?,元歌,对抗路,8.9,4,3,9,107100,40700,10300,50,false,,,,,,,,人工复核截图
M202607082057,2026-07-08 20:57,5v5排位,914,26,13,blue,blue,异想天开的球,小乔,中路,6.7,0,4,10,82400,43500,8900,38,false,,,,,,,,人工复核截图
M202607082057,2026-07-08 20:57,5v5排位,914,26,13,blue,blue,净漾银笑幻,虞姬,发育路,12.1,11,2,3,111200,43300,13200,53,true,银牌发育路,,,,,,,人工复核截图
M202607082057,2026-07-08 20:57,5v5排位,914,26,13,blue,blue,萧瑟仙贝打我,廉颇,游走,8.6,3,3,14,54400,95000,8800,65,false,,,,,,,,人工复核截图
M202607082117,2026-07-08 21:17,5v5排位,916,20,12,blue,blue,鸽,张飞,游走,7.9,0,3,12,31400,100700,8500,60,false,,,,,,,,人工复核截图
M202607082117,2026-07-08 21:17,5v5排位,916,20,12,blue,blue,净漾银笑幻,芈月,对抗路,9.7,5,1,4,93800,74100,11400,45,false,铜牌对抗路,,,,,,,人工复核截图
M202607082117,2026-07-08 21:17,5v5排位,916,20,12,blue,blue,别压力我ok?,不知火舞,中路,7.6,3,2,7,73100,47200,9900,50,false,,,,,,,,人工复核截图
M202607082117,2026-07-08 21:17,5v5排位,916,20,12,blue,blue,异想天开的球,狄仁杰,发育路,12.3,6,2,9,142100,58100,11500,75,true,金牌发育路,,,,,,,人工复核截图
M202607082117,2026-07-08 21:17,5v5排位,916,20,12,blue,blue,萧瑟仙贝打我,夏侯惇,打野,11.2,6,4,8,118400,185700,10300,70,false,银牌打野,,,,,,,人工复核截图
M202607082137,2026-07-08 21:37,5v5排位,1086,31,26,red,blue,鸽,廉颇,游走,9.7,1,5,19,97000,179300,9400,64,false,,,,,,,,人工复核截图
M202607082137,2026-07-08 21:37,5v5排位,1086,31,26,red,blue,净漾银笑幻,夏侯惇,对抗路,11.6,7,5,13,135100,188300,11400,64,true,银牌对抗路,,,,,,,人工复核截图
M202607082137,2026-07-08 21:37,5v5排位,1086,31,26,red,blue,异想天开的球,扁鹊,中路,10.3,9,5,12,106600,79800,12100,67,false,铜牌中路,,,,,,,人工复核截图
M202607082137,2026-07-08 21:37,5v5排位,1086,31,26,red,blue,别压力我ok?,敖隐,发育路,8.2,8,4,8,98100,71300,12600,51,false,,,,,,,,人工复核截图
M202607082137,2026-07-08 21:37,5v5排位,1086,31,26,red,blue,萧瑟仙贝打我,猪八戒,打野,10.4,6,7,14,146000,197400,10100,64,false,铜牌打野,,,,,,,人工复核截图
M202607082158,2026-07-08 21:58,5v5排位,1010,14,14,red,red,鸽,张飞,游走,7.5,1,2,10,29100,108400,9200,78,false,,,,,,,,人工复核截图
M202607082158,2026-07-08 21:58,5v5排位,1010,14,14,red,red,净漾银笑幻,芈月,对抗路,6.8,1,4,6,49900,79700,10800,50,false,,,,,,,,人工复核截图
M202607082158,2026-07-08 21:58,5v5排位,1010,14,14,red,red,别压力我ok?,王昭君,中路,6.2,1,4,9,50600,65200,10000,71,false,,,,,,,,人工复核截图
M202607082158,2026-07-08 21:58,5v5排位,1010,14,14,red,red,异想天开的球,虞姬,发育路,9.5,8,2,4,72500,49600,12400,85,true,,,,,,,,人工复核截图
M202607082158,2026-07-08 21:58,5v5排位,1010,14,14,red,red,萧瑟仙贝打我,赵云,打野,8.8,3,2,10,85800,87400,13300,92,false,,,,,,,,人工复核截图
M202607082219,2026-07-08 22:19,5v5排位,736,11,29,red,red,鸽,牛魔,游走,12.9,4,3,20,36200,55200,7700,82,false,金牌游走,,,,,,,人工复核截图
M202607082219,2026-07-08 22:19,5v5排位,736,11,29,red,red,萧瑟仙贝打我,关羽,对抗路,14.0,12,2,7,70300,59400,9800,65,true,金牌对抗路,,,,,,,人工复核截图
M202607082219,2026-07-08 22:19,5v5排位,736,11,29,red,red,别压力我ok?,小乔,中路,10.7,7,4,11,71400,22700,8900,62,false,银牌中路,,,,,,,人工复核截图
M202607082219,2026-07-08 22:19,5v5排位,736,11,29,red,red,异想天开的球,甄姬,发育路,11.6,4,1,13,84400,24300,8300,58,false,银牌发育路,,,,,,,人工复核截图
M202607082219,2026-07-08 22:19,5v5排位,736,11,29,red,red,净漾银笑幻,李元芳,打野,6.7,2,1,16,25600,19500,9000,62,false,,,,,,,,人工复核截图
M202607082240,2026-07-08 22:40,5v5排位,1045,37,15,blue,blue,鸽,赵云,打野,15.9,18,1,9,155800,103900,15400,72,true,顶级打野,,,,,,,人工复核截图
M202607082240,2026-07-08 22:40,5v5排位,1045,37,15,blue,blue,净漾银笑幻,项羽,对抗路,6.7,3,7,8,63200,76200,10100,29,false,,,,,,,,人工复核截图
M202607082240,2026-07-08 22:40,5v5排位,1045,37,15,blue,blue,异想天开的球,金蝉,中路,9.0,1,0,20,91200,30300,11400,56,false,,,,,,,,人工复核截图
M202607082240,2026-07-08 22:40,5v5排位,1045,37,15,blue,blue,月亮西沉朝阳,后羿,发育路,10.3,13,5,9,148500,77200,15100,59,false,铜牌发育路,,,,,,,人工复核截图
M202607082240,2026-07-08 22:40,5v5排位,1045,37,15,blue,blue,珍珠罐罐,张良,游走,11.0,2,2,24,75300,56900,10200,70,false,银牌游走,,,,,,,人工复核截图
M202607082302,2026-07-08 23:02,5v5排位,864,13,24,red,blue,迪路兽oo,盘古,打野,7.3,2,5,7,84300,96200,8800,69,false,,,,,,,,人工复核截图
M202607082302,2026-07-08 23:02,5v5排位,864,13,24,red,blue,月亮西沉朝阳,夏洛特,对抗路,7.5,3,5,2,92700,84300,9700,38,false,,,,,,,,人工复核截图
M202607082302,2026-07-08 23:02,5v5排位,864,13,24,red,blue,异想天开的球,海月,中路,8.8,7,4,1,75900,79700,9100,61,true,,,,,,,,人工复核截图
M202607082302,2026-07-08 23:02,5v5排位,864,13,24,red,blue,净漾银笑幻,狄仁杰,发育路,7.0,1,4,5,99200,76600,8600,46,false,,,,,,,,人工复核截图
M202607082302,2026-07-08 23:02,5v5排位,864,13,24,red,blue,珍珠罐罐,蔡文姬,游走,6.7,0,6,7,56400,104200,6800,53,false,,,,,,,,人工复核截图
M202607082320,2026-07-08 23:20,5v5排位,820,12,20,red,red,迪路兽oo,上官婉儿,中路,7.0,5,2,1,60300,35100,9700,30,false,,,,,,,,人工复核截图
M202607082320,2026-07-08 23:20,5v5排位,820,12,20,red,red,净漾银笑幻,芈月,对抗路,7.0,2,4,5,56900,80600,8800,35,false,,,,,,,,人工复核截图
M202607082320,2026-07-08 23:20,5v5排位,820,12,20,red,red,异想天开的球,狄仁杰,发育路,7.0,2,3,5,61200,47200,9800,35,false,,,,,,,,人工复核截图
M202607082320,2026-07-08 23:20,5v5排位,820,12,20,red,red,月亮西沉朝阳,娜可露露,打野,12.0,10,2,3,103600,37100,13000,65,true,银牌打野,,,,,,,人工复核截图
M202607082320,2026-07-08 23:20,5v5排位,820,12,20,red,red,珍珠罐罐,张飞,游走,6.9,1,1,9,23100,72800,7800,50,false,,,,,,,,人工复核截图
M202607082337,2026-07-08 23:37,5v5排位,826,16,16,red,blue,迪路兽oo,李信,对抗路,5.0,1,4,4,29600,62500,7300,31,false,,,,,,,,人工复核截图
M202607082337,2026-07-08 23:37,5v5排位,826,16,16,red,blue,异想天开的球,小乔,中路,6.5,3,3,3,51600,41800,7500,37,false,,,,,,,,人工复核截图
M202607082337,2026-07-08 23:37,5v5排位,826,16,16,red,blue,净漾银笑幻,艾琳,发育路,7.1,2,5,6,80600,68700,8600,50,false,,,,,,,,人工复核截图
M202607082337,2026-07-08 23:37,5v5排位,826,16,16,red,blue,月亮西沉朝阳,娜可露露,打野,12.6,10,3,3,104400,68500,10700,81,true,金牌打野,,,,,,,人工复核截图
M202607082337,2026-07-08 23:37,5v5排位,826,16,16,red,blue,珍珠罐罐,张飞,游走,6.3,0,1,6,15200,96800,7400,37,false,,,,,,,,人工复核截图
M202607092101,2026-07-09 21:01,5v5排位,1164,18,20,red,red,鸽,牛魔,游走,6.5,1,5,11,39700,116000,10400,60,false,,,,,,,,人工复核截图
M202607092101,2026-07-09 21:01,5v5排位,1164,18,20,red,red,别压力我ok?,元歌,对抗路,6.2,3,3,4,72900,37700,11900,35,false,,,,,,,,人工复核截图
M202607092101,2026-07-09 21:01,5v5排位,1164,18,20,red,red,异想天开的球,金蝉,中路,7.2,2,1,7,87600,25300,12300,45,false,,,,,,,,人工复核截图
M202607092101,2026-07-09 21:01,5v5排位,1164,18,20,red,red,净漾银笑幻,虞姬,发育路,8.4,6,4,4,101600,63400,13300,50,true,,,,,,,,人工复核截图
M202607092101,2026-07-09 21:01,5v5排位,1164,18,20,red,red,月亮西沉朝阳,宫本武藏,打野,7.9,8,5,2,71800,84600,14600,50,false,,,,,,,,人工复核截图
M202607092124,2026-07-09 21:24,5v5排位,956,9,30,red,red,鸽,元流之子,游走,10.1,6,2,12,59500,91900,9000,60,false,银牌游走,,,,,,,人工复核截图
M202607092124,2026-07-09 21:24,5v5排位,956,9,30,red,red,别压力我ok?,元歌,对抗路,9.6,6,1,16,90800,32600,9800,73,false,铜牌对抗路,,,,,,,人工复核截图
M202607092124,2026-07-09 21:24,5v5排位,956,9,30,red,red,异想天开的球,甄姬,中路,11.7,1,2,18,154700,36900,10300,63,true,银牌中路,,,,,,,人工复核截图
M202607092124,2026-07-09 21:24,5v5排位,956,9,30,red,red,净漾银笑幻,虞姬,发育路,8.6,5,2,11,90600,38600,10900,53,false,,,,,,,,人工复核截图
M202607092124,2026-07-09 21:24,5v5排位,956,9,30,red,red,月亮西沉朝阳,娜可露露,打野,11.5,12,2,10,108400,54700,15200,73,false,银牌打野,,,,,,,人工复核截图
M202607092144,2026-07-09 21:44,5v5排位,1270,32,16,blue,red,鸽,赵云,打野,5.4,4,7,4,64700,107200,13300,50,false,,,,,,,,人工复核截图
M202607092144,2026-07-09 21:44,5v5排位,1270,32,16,blue,red,别压力我ok?,元歌,对抗路,4.7,2,4,3,73900,55900,12400,31,false,,,,,,,,人工复核截图
M202607092144,2026-07-09 21:44,5v5排位,1270,32,16,blue,red,异想天开的球,小乔,中路,7.7,4,5,5,106500,64600,13200,56,true,,,,,,,,人工复核截图
M202607092144,2026-07-09 21:44,5v5排位,1270,32,16,blue,red,净漾银笑幻,艾琳,发育路,7.4,6,5,6,100600,76600,14600,75,false,,,,,,,,人工复核截图
M202607092144,2026-07-09 21:44,5v5排位,1270,32,16,blue,red,月亮西沉朝阳,钟馗,游走,5.5,0,11,10,47700,164700,10600,62,false,,,,,,,,人工复核截图
M202607092208,2026-07-09 22:08,5v5排位,967,14,23,red,blue,鸽,钟馗,游走,9.3,2,5,11,51500,132200,8000,92,false,,,,,,,,人工复核截图
M202607092208,2026-07-09 22:08,5v5排位,967,14,23,red,blue,净漾银笑幻,廉颇,对抗路,5.3,3,7,6,49800,115100,8700,64,false,,,,,,,,人工复核截图
M202607092208,2026-07-09 22:08,5v5排位,967,14,23,red,blue,月亮西沉朝阳,墨子,中路,11.4,4,3,8,117300,90300,9100,85,true,银牌中路,,,,,,,人工复核截图
M202607092208,2026-07-09 22:08,5v5排位,967,14,23,red,blue,异想天开的球,虞姬,发育路,6.7,3,2,5,96600,42700,9800,57,false,,,,,,,,人工复核截图
M202607092208,2026-07-09 22:08,5v5排位,967,14,23,red,blue,别压力我ok?,澜,打野,4.6,2,6,4,32800,65200,8900,42,false,,,,,,,,人工复核截图
M202607092228,2026-07-09 22:28,5v5排位,956,17,24,red,blue,鸽,杨戬,打野,8.4,5,5,6,87500,92400,10600,64,true,,,,,,,,人工复核截图
M202607092228,2026-07-09 22:28,5v5排位,956,17,24,red,blue,别压力我ok?,元歌,对抗路,5.6,1,2,3,65400,28500,9900,23,false,,,,,,,,人工复核截图
M202607092228,2026-07-09 22:28,5v5排位,956,17,24,red,blue,异想天开的球,高渐离,中路,5.4,1,7,7,67700,68900,8400,47,false,,,,,,,,人工复核截图
M202607092228,2026-07-09 22:28,5v5排位,956,17,24,red,blue,净漾银笑幻,虞姬,发育路,6.9,5,6,2,79500,61600,10000,41,false,,,,,,,,人工复核截图
M202607092228,2026-07-09 22:28,5v5排位,956,17,24,red,blue,月亮西沉朝阳,孙策,游走,8.3,5,5,9,43500,84900,8400,82,false,,,,,,,,人工复核截图
M202607102001,2026-07-10 20:01,5v5排位,805,5,16,red,red,鸽,白起,对抗路,6.4,3,2,3,34700,66600,8519,37,false,,,,,,,,人工复核截图
M202607102001,2026-07-10 20:01,5v5排位,805,5,16,red,red,别压力我ok?,王昭君,中路,7.4,1,0,6,56100,37200,8192,43,false,,,,,,,,人工复核截图
M202607102001,2026-07-10 20:01,5v5排位,805,5,16,red,red,净漾银笑幻,虞姬,发育路,13.7,9,0,5,106700,40800,10724,87,true,金牌发育路,,,,,,,人工复核截图
M202607102001,2026-07-10 20:01,5v5排位,805,5,16,red,red,萧瑟仙贝打我,猪八戒,打野,8.7,3,1,8,65900,79900,9129,68,false,,,,,,,,人工复核截图
M202607102001,2026-07-10 20:01,5v5排位,805,5,16,red,red,迪路兽oo,张飞,游走,6.9,0,2,11,7300,82800,6894,68,false,,,,,,,,人工复核截图
M202607102018,2026-07-10 20:18,5v5排位,999,25,21,blue,red,鸽,项羽,对抗路,9.9,6,4,7,69600,97800,10464,61,true,银牌对抗路,,,,,,,人工复核截图
M202607102018,2026-07-10 20:18,5v5排位,999,25,21,blue,red,别压力我ok?,杨玉环,中路,9.0,5,6,10,107700,113600,9935,71,false,,,,,,,,人工复核截图
M202607102018,2026-07-10 20:18,5v5排位,999,25,21,blue,red,净漾银笑幻,狄仁杰,发育路,7.8,2,5,9,116200,78400,11067,52,false,,,,,,,,人工复核截图
M202607102018,2026-07-10 20:18,5v5排位,999,25,21,blue,red,萧瑟仙贝打我,猪八戒,打野,9.0,7,6,5,119800,161300,10850,57,false,,,,,,,,人工复核截图
M202607102018,2026-07-10 20:18,5v5排位,999,25,21,blue,red,迪路兽oo,张飞,游走,9.1,1,4,13,26200,163900,8255,66,false,,,,,,,,人工复核截图
M202607102038,2026-07-10 20:38,5v5排位,1728,49,32,blue,red,鸽,干将莫邪,中路,7.4,9,13,8,226200,137900,15594,53,false,,,,,,,,人工复核截图
M202607102038,2026-07-10 20:38,5v5排位,1728,49,32,blue,red,别压力我ok?,曜,对抗路,7.0,1,13,8,190300,218300,15052,28,false,,,,,,,,人工复核截图
M202607102038,2026-07-10 20:38,5v5排位,1728,49,32,blue,red,净漾银笑幻,孙尚香,发育路,9.2,9,8,8,247600,134000,19659,53,false,,,,,,,,人工复核截图
M202607102038,2026-07-10 20:38,5v5排位,1728,49,32,blue,red,萧瑟仙贝打我,猪八戒,打野,12.4,11,8,10,268000,383400,18167,65,true,金牌打野,,,,,,,人工复核截图
M202607102038,2026-07-10 20:38,5v5排位,1728,49,32,blue,red,迪路兽oo,张飞,游走,9.8,2,7,21,79000,359300,15252,71,false,铜牌游走,,,,,,,人工复核截图
M202607102114,2026-07-10 21:14,5v5排位,922,11,29,red,red,鸽,孙悟空,打野,10.7,11,1,4,53700,44400,11932,51,false,银牌打野,,,,,,,人工复核截图
M202607102114,2026-07-10 21:14,5v5排位,922,11,29,red,red,净漾银笑幻,白起,对抗路,6.0,2,2,9,39400,91100,9497,37,false,,,,,,,,人工复核截图
M202607102114,2026-07-10 21:14,5v5排位,922,11,29,red,red,别压力我ok?,小乔,中路,10.9,6,1,9,111600,35600,10796,51,true,银牌中路,,,,,,,人工复核截图
M202607102114,2026-07-10 21:14,5v5排位,922,11,29,red,red,异想天开的球,狄仁杰,发育路,10.1,8,2,9,110400,38800,11856,58,false,铜牌发育路,,,,,,,人工复核截图
M202607102114,2026-07-10 21:14,5v5排位,922,11,29,red,red,萧瑟仙贝打我,钟馗,游走,10.4,2,5,20,52800,110300,8803,75,false,银牌游走,,,,,,,人工复核截图
M202607102133,2026-07-10 21:33,5v5排位,1345,15,34,red,blue,鸽,杨戬,对抗路,6.0,3,11,8,110900,180800,11054,73,false,,,,,,,,人工复核截图
M202607102133,2026-07-10 21:33,5v5排位,1345,15,34,red,blue,净漾银笑幻,夏侯惇,打野,5.8,3,10,6,77800,214200,11052,60,false,,,,,,,,人工复核截图
M202607102133,2026-07-10 21:33,5v5排位,1345,15,34,red,blue,别压力我ok?,嬴政,中路,10.8,6,2,6,220300,94800,13262,80,true,银牌中路,,,,,,,人工复核截图
M202607102133,2026-07-10 21:33,5v5排位,1345,15,34,red,blue,异想天开的球,狄仁杰,发育路,4.5,1,5,3,72200,67900,12239,26,false,,,,,,,,人工复核截图
M202607102133,2026-07-10 21:33,5v5排位,1345,15,34,red,blue,萧瑟仙贝打我,刘禅,游走,6.5,2,6,6,70800,195100,12453,53,false,,,,,,,,人工复核截图
M202607102216,2026-07-10 22:16,5v5排位,840,27,11,blue,blue,鸽,武则天,中路,9.1,4,2,14,77800,57500,9455,66,false,,,,,,,,人工复核截图
M202607102216,2026-07-10 22:16,5v5排位,840,27,11,blue,blue,别压力我ok?,花木兰,对抗路,9.5,6,3,4,54400,42700,10112,37,false,铜牌对抗路,,,,,,,人工复核截图
M202607102216,2026-07-10 22:16,5v5排位,840,27,11,blue,blue,月亮西沉朝阳,后羿,发育路,12.7,12,3,5,111600,59800,12545,62,true,金牌发育路,,,,,,,人工复核截图
M202607102216,2026-07-10 22:16,5v5排位,840,27,11,blue,blue,萧瑟仙贝打我,猪八戒,打野,9.0,2,1,11,74000,86000,10567,48,false,,,,,,,,人工复核截图
M202607102216,2026-07-10 22:16,5v5排位,840,27,11,blue,blue,异想天开的球,蔡文姬,游走,11.3,3,2,17,36100,91000,8108,74,false,金牌游走,,,,,,,人工复核截图
M202607102234,2026-07-10 22:34,5v5排位,1289,34,26,red,blue,鸽,吕布,对抗路,6.3,1,7,4,129700,143000,11637,14,false,,,,,,,,人工复核截图
M202607102234,2026-07-10 22:34,5v5排位,1289,34,26,red,blue,异想天开的球,海月,中路,5.2,1,7,7,78500,81200,11594,23,false,,,,,,,,人工复核截图
M202607102234,2026-07-10 22:34,5v5排位,1289,34,26,red,blue,别压力我ok?,敖隐,发育路,7.7,7,4,5,133200,89100,14472,35,false,,,,,,,,人工复核截图
M202607102234,2026-07-10 22:34,5v5排位,1289,34,26,red,blue,月亮西沉朝阳,赵云,打野,14.0,17,2,9,164100,126400,18578,76,true,金牌打野,,,,,,,人工复核截图
M202607102234,2026-07-10 22:34,5v5排位,1289,34,26,red,blue,萧瑟仙贝打我,关羽,游走,9.6,8,6,14,93300,140200,12549,64,false,铜牌游走,,,,,,,人工复核截图
M202607102300,2026-07-10 23:00,5v5排位,787,29,10,blue,red,鸽,妲己,中路,6.6,2,7,4,49100,46200,7409,60,true,,,,,,,,人工复核截图
M202607102300,2026-07-10 23:00,5v5排位,787,29,10,blue,red,月亮西沉朝阳,夏洛特,对抗路,5.6,1,4,2,47300,80000,8107,30,false,,,,,,,,人工复核截图
M202607102300,2026-07-10 23:00,5v5排位,787,29,10,blue,red,异想天开的球,虞姬,发育路,5.9,5,5,0,60100,57700,7332,50,false,,,,,,,,人工复核截图
M202607102300,2026-07-10 23:00,5v5排位,787,29,10,blue,red,别压力我ok?,裴擒虎,打野,4.8,2,6,1,18800,54000,7458,30,false,,,,,,,,人工复核截图
M202607102300,2026-07-10 23:00,5v5排位,787,29,10,blue,red,萧瑟仙贝打我,盾山,游走,5.1,0,7,4,28300,98300,6641,40,false,,,,,,,,人工复核截图
M202607102337,2026-07-10 23:37,5v5排位,702,26,7,blue,blue,鸽,亚瑟,打野,10.0,6,2,12,51300,32100,8183,69,false,铜牌打野,,,,,,,人工复核截图
M202607102337,2026-07-10 23:37,5v5排位,702,26,7,blue,blue,净漾银笑幻,刘邦,对抗路,11.0,6,3,13,42200,68300,8402,73,false,银牌对抗路,,,,,,,人工复核截图
M202607102337,2026-07-10 23:37,5v5排位,702,26,7,blue,blue,异想天开的球,小乔,中路,10.7,3,0,13,70600,18300,8768,61,false,银牌中路,,,,,,,人工复核截图
M202607102337,2026-07-10 23:37,5v5排位,702,26,7,blue,blue,萧瑟仙贝打我,百里守约,发育路,14.1,9,0,8,86400,18800,9335,65,true,金牌发育路,,,,,,,人工复核截图
M202607102337,2026-07-10 23:37,5v5排位,702,26,7,blue,blue,月亮西沉朝阳,钟馗,游走,12.0,2,2,19,37700,63100,6840,80,false,金牌游走,,,,,,,人工复核截图
M202607102352,2026-07-10 23:52,5v5排位,956,22,13,blue,blue,鸽,貂蝉,对抗路,7.8,4,4,7,86300,74100,9186,50,false,,,,,,,,人工复核截图
M202607102352,2026-07-10 23:52,5v5排位,956,22,13,blue,blue,异想天开的球,嬴政,中路,7.2,1,1,9,89400,45700,10088,45,false,,,,,,,,人工复核截图
M202607102352,2026-07-10 23:52,5v5排位,956,22,13,blue,blue,净漾银笑幻,虞姬,发育路,9.3,6,2,5,125400,54800,11613,50,false,,,,,,,,人工复核截图
M202607102352,2026-07-10 23:52,5v5排位,956,22,13,blue,blue,萧瑟仙贝打我,猪八戒,打野,12.2,7,2,11,90000,131200,11980,81,true,银牌打野,,,,,,,人工复核截图
M202607102352,2026-07-10 23:52,5v5排位,956,22,13,blue,blue,月亮西沉朝阳,墨子,游走,9.0,4,4,13,76600,97400,9285,77,false,,,,,,,,人工复核截图
